MAIN_ID,ID_name,ID_HD,ID_HIP,ID_HR,ID_M,ID_NGC,ID_IC,ID_Ocl,RA_d,DEC_d,PMRA,PMDEC,PLX_VALUE,Distance_distance,Distance_unit,OTYPE_otypes,SP_TYPE,FLUX_R,FLUX_G,FLUX_B,FLUX_V
HD 224720,,HD 224720,HIP 11,,,,,,0.03733579281,46.93999652984,11.008,-2.082,3.3645,297.221,pc,*,A2,,7.324696,7.42,7.34
HD 236267,,HD 236267,HIP 15,,,,,,0.05035847856,50.79118639575,12.966,5.312,2.5252,396.008,pc,*,K2,,8.253609,9.78,8.61
HD 236268,,HD 236268,,,,,,,0.06499996351,50.75252765342,-2.395,-9.459,1.4818,674.855,pc,*,M0,,9.689608,11.14,10.02
HD 224756,,HD 224756,HIP 32,,,,,,0.09857729554,51.93948461223,-1.597,-2.213,0.9861,1014.096,pc,*,B8,,9.049073,9.1,9.05
HD 236266,,HD 236266,,,,,,,0.04966516141,51.28311565775,43.938,-17.312,3.2547,307.248,pc,*,K2,,8.609861,10.1,8.95
HD 224719,,HD 224719,,,,,,,0.05637317134,55.69948318892,3.782,-0.756,1.3059,765.755,pc,LP?,M1,,7.481836,10.59,9.03
HD 224740,,HD 224740,,,,,,,0.08784528225,55.45698390066,-2.885,-2.904,0.9761,1024.485,pc,*,A0,,9.125813,9.2,9.11
HD 224739,,HD 224739,,,,,,,0.04805861377,57.872387253,31.51,0.301,2.8238,354.133,pc,*,A0,,8.52985,8.85,8.6
HD 224755,,HD 224755,,,,,,,0.08506387415,56.85316124219,31.533,7.554,3.8137,262.213,pc,*,A2,,8.513616,8.75,8.56
HD 224754,,HD 224754,,,,,,,0.07557468176,60.35043447366,-6.934,-1.695,1.3594,735.619,pc,LP?,M4.5Ib-II,,6.78998,10.09,8.46
HD 240472,,HD 240472,,,,,,,0.04482396822,59.81359683714,3.717,-0.709,1.9826,,,*,A0,,9.695287,9.87,9.69
Cl Berkeley   58,,,,,,,,OCl 277.0,0.063,60.937,-3.498,-1.782,0.282,3468.0,pc,OpC,,,,10.39,9.7
HD 224738,,HD 224738,,,,,,,0.078245,65.9447134,41.8,1.0,,,,**,F,8.837,,9.345,9.175
HD 224737,,HD 224737,,,,,,,0.06655867186,72.40091546347,2.935,-1.232,1.8817,531.434,pc,Pu*,A2,,9.096174,9.41,9.16
HD 224734,,HD 224734,,,,,,,0.06137849626,-43.60706338625,51.231,-22.565,4.0631,246.117,pc,PM*,G8/K0IV(CNIII),,9.092397,10.29,9.36
HD 224749,,HD 224749,HIP 28,,,,,,0.08721256235,-43.36181877552,-10.874,-7.837,4.3947,227.547,pc,SB*,F3/5V,,8.720228,9.29,8.85
HD 224750,,HD 224750,HIP 25,HR 9077,,,,,0.0795631,-44.29056264,58.04,-109.17,12.29,122.788,pc,**,G3IV,7.36,6.0618,,
HD 224733,,HD 224733,,,,,,,0.05899093445,-41.92339266392,-0.763,3.48,6.5004,152.028,pc,*,F5V,9.3,9.514485,10.12,9.594
HD 224732,,HD 224732,HIP 17,,,,,,0.05099020913,-40.19239550245,-34.607,-27.764,6.7015,149.22,pc,*,F3V,,8.03971,8.53,8.15
HD 224705,,HD 224705,HIP 5,,,,,,0.00996810368,-40.5912030647,1.022,8.733,2.6055,383.803,pc,*,G8III,,8.307804,9.45,8.53
HD 224748,,HD 224748,HIP 27,,,,,,0.0859123658,-41.29782124257,134.444,-112.256,8.8421,113.095,pc,PM*,G5V,,9.158145,9.96,9.3
HD 224715,,HD 224715,HIP 12,,,,,,0.04090080198,-35.96022143954,-5.516,1.426,1.8142,551.207,pc,*,K4III,,7.88723,9.87,8.41
HD 224731,,HD 224731,,,,,,,0.055897189,-35.99323091233,20.541,-20.674,2.7859,358.95,pc,*,K2III,,8.326492,9.99,8.7
HD 224747,,HD 224747,,,,,,,0.0748002668,-35.92202686037,36.651,-54.195,5.6814,176.013,pc,PM*,G0V,,9.470077,10.15,9.6
2dFGRS TGS277Z214,,,,,,,,,0.056154,-29.090033,-3.3,-1.4,,,,G,,15.724,,16.634,13.69
HD 224714,,HD 224714,,,,,,,0.02462487331,-26.17894532631,-34.006,4.279,4.7836,209.048,pc,*,F3/5V,,9.210306,9.81,9.35
HD 224730,,HD 224730,,,,,,,0.05138385176,-26.8754400076,28.511,-11.227,4.6645,214.385,pc,*,F2V,,9.11046,9.63,9.23
APMBGC 472+029+103,,,,,,,,,0.05517,-26.73086,,,,,,GiP,,,,15.1,15.1
HD 224728,,HD 224728,HIP 13,,,,,,0.04169575209,-22.59470619222,5.84,-10.493,2.4083,415.231,pc,*,K0III,,8.538684,9.83,8.75
HD 224746,,HD 224746,HIP 24,,,,,,0.07638890538,-23.45269707461,127.976,21.222,10.9015,91.73,pc,PM*,G0V,,8.916584,9.55,9.06
HD 224729,,HD 224729,,,,,,,0.05992991214,-24.95256136916,15.877,3.692,1.9472,513.558,pc,*,G8/K0III/IV,,9.303458,10.52,9.55
HD 224704,,HD 224704,,,,,,,0.01388754597,-20.91407283232,69.298,-45.771,5.1837,,,PM*,G1V,,9.671146,10.36,9.83
HD 224690,,HD 224690,HIP 2,,,,,,0.00427321805,-19.49883599927,179.805,-1.041,26.7979,37.316,pc,SB*,K3V,,8.942914,10.28,9.23
HD 224713,,HD 224713,,,,,,,0.04304191595,-19.41463266593,16.259,5.046,1.6381,610.463,pc,*,K3V,,7.851998,9.89,8.39
HD 224703,,HD 224703,,,,,,,0.0270570646,-18.01283490875,17.225,-6.947,1.311,762.777,pc,*,K3V,,8.12882,9.98,8.62
HD 224744,,HD 224744,HIP 26,,,,,,0.08409513462,-13.39337384093,-100.309,-31.573,9.6223,103.925,pc,PM*,F7V,,9.000287,9.64,9.13
HD 224743,,HD 224743,HIP 33,,,,,,0.0991729864,-10.46238476252,-3.272,28.881,8.8743,112.685,pc,*,F3/5V,,8.004922,8.54,8.11
HD 224701,,HD 224701,,,,,,,0.00033437141,-5.49435912771,22.498,-11.301,1.9639,509.191,pc,*,G8IV,,8.871953,10.1,9.13
BD-04  6001,,,HIP 18,,,,,,0.05284906547,-4.05367928965,-119.288,24.122,22.783,43.892,pc,PM*,K5V,10.611,10.441756,12.05,10.718
HD 224726,,HD 224726,HIP 14,,,,,,0.04842376056,-0.36044690697,58.726,-10.211,5.9966,166.761,pc,PM*,A5/8,,6.908558,8.47,7.27
HD 224760,,HD 224760,HIP 31,,,,,,0.0980902031,2.67547842652,-1.262,0.158,1.9849,503.804,pc,*,K3III,,7.098974,9.05,7.63
HD 224700,,HD 224700,HIP 1,,,,,,0.00087355045,1.08900080377,-0.36,-5.053,5.4151,184.669,pc,*,F3V,,8.998321,9.55,9.08
HD 224712,,HD 224712,,,,,,,0.03855856318,1.28949198397,-5.287,-27.707,6.155,162.47,pc,*,G8IV,,10.091952,10.7,10.3
HD 224711,,HD 224711,,,,,,,0.02666582617,1.33195863358,-15.354,2.074,3.1984,312.656,pc,*,G8IV,,9.084013,10.32,9.36
HD 224725,,HD 224725,,,,,,,0.0504548,1.7714314,26.1,-19.4,,,,**,G9IV,9.883,,10.258,9.456
HD 224724,,HD 224724,HIP 21,,,,,,0.06638619237,8.00723469748,61.293,-0.05,3.5095,284.941,pc,PM*,K2,,7.078523,8.94,7.52
HD 224742,,HD 224742,HIP 23,,,,,,0.07456270067,13.31223388065,53.419,9.416,10.7299,93.198,pc,SB*,F2V,,7.463569,7.96,7.55
V* EP Peg,,HD 224710,,,,,,,0.02873371571,20.23736601683,-10.125,-19.029,1.5239,656.211,pc,LP*,,,7.37413,10.83,9.56
HD 224723,,HD 224723,HIP 20,,,,,,0.06304616994,23.52922824106,36.172,-22.995,10.0663,99.341,pc,*,G0,,8.394043,9.01,8.51
HD 224758,,HD 224758,HIP 34,HR 9078,,,,,0.09958324737,26.91810800339,44.454,-52.802,16.0495,62.307,pc,PM*,F7.5IV-V,,6.314352,6.925,6.434
V* Z Peg,,HD 224709,HIP 8,,,,,,0.02734284223,25.88645810089,18.746,-6.472,1.5204,657.722,pc,Mi*,M7-8e,8.01,7.425481,10.13,7.3
HD 224741,,HD 224741,,,,,,,0.07018424375,34.91537520657,23.605,-5.027,3.1747,314.99,pc,*,F0,,8.706764,9.16,8.77
HD 224708,,HD 224708,HIP 9,,,,,,0.03532376056,36.58596003555,-6.071,9.296,3.1001,322.57,pc,*,G5,,8.248223,9.69,8.59
HD 224699,,HD 224699,HIP 3,,,,,,0.00502608409,38.85927980643,5.761,-2.406,2.9927,334.146,pc,Em*,B9,,6.596025,6.58,6.62
HD 224721,,HD 224721,HIP 19,,,,,,0.0533045482,38.30404616333,-0.436,-13.115,4.4558,224.427,pc,*,G5,,6.282961,7.492,6.524
HD 224722,,HD 224722,,,,,,,0.03810316599,36.86653896627,11.856,-4.566,4.5094,221.759,pc,*,F0,,9.32234,9.66,9.33
HD 224757,,HD 224757,HIP 30,,,,,,0.09610868264,42.14147493404,-8.274,-10.453,2.6536,376.847,pc,*,A0,,8.226948,8.38,8.24
HD 224718,,HD 224718,,,,,,,0.07477887468,-80.67607047943,-7.246,-17.462,4.139,241.604,pc,*,K0/1(III),,9.01403,10.51,9.32
HD 224736,,HD 224736,,,,,,,0.05086191866,-58.08378938045,7.151,7.382,2.4877,339.063,pc,*,F5/6IV,,9.834969,10.442,9.92
HD 224717,,HD 224717,HIP 10,,,,,,0.03641642579,-50.86697451455,42.298,40.841,10.7024,93.437,pc,PM*,F6V,,8.481748,9.04,8.57
HD 224707,,HD 224707,HIP 4,,,,,,0.00862612608,-51.89354298896,61.965,1.302,7.3131,136.741,pc,PM*,F0V,,7.984906,8.4,8.05
HD 224751,,HD 224751,HIP 29,,,,,,0.09223100512,-49.10794385417,26.943,4.583,2.0809,480.561,pc,*,G8III,,8.882331,10.2,9.15
HD 224735,,HD 224735,HIP 22,,,,,,0.07010945416,-49.35226301517,-7.241,1.783,4.8524,206.084,pc,*,G8/K0III/IV,,8.444609,9.66,8.69
HD 224716,,HD 224716,,,,,,,0.03948796472,-47.74497017113,35.974,9.449,2.1736,460.066,pc,*,G6/8III/IV,,9.659594,10.89,9.91
HD 224706,,HD 224706,,,,,,,0.00840733181,-45.76199182637,31.395,2.956,1.8622,536.999,pc,*,G8IV,,8.975728,10.38,9.29
2MASX J00001408-2904371,,,,,,,,,0.05859784034,-29.07691541373,-0.327,-0.28,0.6842,,,G,,16.605,19.488886,18.022,15.86
2MASX J00002143-3051310,,,,,,,,,0.08923586468,-30.85852611682,5.2,-3.6,,,,G,,16.473,20.890587,17.726,15.5
2MASX J00002332-3111170,,,,,,,,,0.09713375021,-31.18801666353,3.0,3.2,,,,G,,16.099,19.770927,17.627,15.08
HD 224725B,,HD 224725B,,,,,,,0.0509802069304,1.7714863150469,34.364,-17.695,7.3989,135.155,pc,*,,,10.298931,11.15,10.44
HD 224725A,,HD 224725A,,,,,,,0.0504662697596,1.7714266842133,36.329,-19.25,7.2502,137.927,pc,*,,,9.900315,10.63,10.02
HD 224727,,HD 224727,,,,,,,0.06965257732,-2.94779541991,45.497,-10.785,4.3975,209.741,pc,*,G3V,,9.774309,10.73,9.91
HD 224750B,,HD 224750B,,,,,,,0.079446,-44.290461,61.7,-107.1,,,,PM*,,,,8.03,7.5
HD 224750A,,HD 224750A,,,,,,,0.079571996,-44.290554839,61.7,-107.1,,,,PM*,,,,7.6,6.7
V* CG And,,HD 224801,HIP 63,HR 9080,,,,,0.18181039097,45.25333529439,17.745,0.607,5.5784,179.263,pc,a2*,A0IIspSiSrHg,,6.332676,6.299,6.347
HD 224793,,HD 224793,,,,,,,0.16807078189,49.52163324191,5.936,1.065,1.1904,840.054,pc,SB*,M3,,8.239109,10.92,9.27
HD 236270,,HD 236270,HIP 59,,,,,,0.17443908042,55.72246039897,-2.129,-0.878,0.4902,2039.984,pc,Em*,K7,,9.077502,9.19,9.13
HD 224768,,HD 224768,HIP 41,,,,,,0.11657102705,54.30223749745,3.185,-0.539,1.6627,601.431,pc,*,A0,,8.687601,8.71,8.71
HD 236269,,HD 236269,HIP 61,,,,,,0.17627924998,53.82214541371,36.842,-15.539,3.7463,266.93,pc,*,K5,,8.595183,9.92,8.84
HD 240473,,HD 240473,,,,,,,0.13325498299,60.408093341,-5.604,-1.457,1.3173,759.129,pc,*,B8,,9.859291,10.04,9.89
HD 224784,,HD 224784,HIP 43,HR 9079,,,,,0.12869817798,59.55968082241,-81.473,-23.455,7.9154,126.336,pc,PM*,G9III-IV,,5.908125,7.211,6.177
HD 224792,,HD 224792,HIP 58,,,,,,0.17351871703,62.17589950562,-46.955,-43.467,26.1048,38.307,pc,PM*,G0,,6.922204,7.552,7.044
HD 224753,,HD 224753,,,,,,,0.10365136401,67.85191663787,-1.822,0.619,1.8606,537.461,pc,*,A3,,8.042125,8.31,8.1
HD 224780,,HD 224780,HIP 48,,,,,,0.13523391146,-40.69047681659,3.511,-12.51,2.7604,362.266,pc,*,K0/1III,,6.992052,8.48,7.3
HD 224779,,HD 224779,,,,,,,0.14492205278,-34.72849220188,45.492,5.254,4.73,211.416,pc,*,G0V,,9.779471,10.44,9.87
HD 224799,,HD 224799,,,,,,,0.17691199921,-34.73866523273,11.138,-3.343,4.0834,244.894,pc,*,F3/5V,,9.777899,10.36,9.86
HD 224787,,HD 224787,,,,,,,0.17499139566,-32.55852599054,-51.074,-18.062,6.5566,152.518,pc,PM*,F5/6(w),,9.878263,10.51,9.98
LEDA  143144,,,,,,,,,0.16471439735,-30.98682246228,4.0,-0.0,,,,EmG,,15.26,19.433088,16.57,13.14
LEDA  132704,,,,,,,,,0.13142708657,-28.4874727082,-1.9,-1.9,,,,G,,14.965,19.482529,16.246,12.48
CD-29 18916,,,HIP 53,,,,,,0.14742976178,-29.26341662769,14.414,-14.058,2.8336,352.908,pc,**,,11.03,10.900332,11.37,10.98
2MASX J00003410-3007319,,,,,,,,,0.14205677616,-30.1256333783,0.4,-1.3,,,,G,,15.17,19.989399,16.53,12.76
2MASX J00003329-3043350,,,,,,,,,0.138733,-30.726397,0.7,-13.7,,,,G,,,,,14.19
HD 224798,,HD 224798,HIP 64,,,,,,0.18457221791,-27.90757758256,-9.034,-15.729,3.7888,263.936,pc,*,K2III,,7.764919,9.22,8.06
HD 224778,,HD 224778,HIP 46,,,,,,0.13458772627,-25.62228633445,16.356,-13.754,2.9262,341.74,pc,*,K1III,,8.274871,9.6,8.56
HD 224797,,HD 224797,,,,,,,0.17849639577,-22.66796121994,140.654,-22.572,7.4079,134.991,pc,PM*,G8/K0IV,,8.205504,9.33,8.43
HD 224777,,HD 224777,,,,,,,0.13455414872,-24.70855497006,107.222,-50.073,4.0545,246.64,pc,PM*,G6V,,9.337934,10.41,9.57
HD 224763,,HD 224763,HIP 39,,,,,,0.11228727067,-16.69700956005,167.611,-30.293,11.5118,86.867,pc,PM*,F3V,,7.366849,7.88,7.44
HD 224745,,HD 224745,HIP 35,,,,,,0.10297263858,-14.49048374205,164.49,-1.229,5.3347,187.452,pc,PM*,G8/K0III/IV,,8.834017,10.02,9.08
HD 224762,,HD 224762,,,,,,,0.10221134902,-9.09346647764,165.705,-77.676,10.764,92.902,pc,PM*,G8V,,9.466074,10.34,9.63
HD 224809,,HD 224809,,,,,,,0.19802939109,-9.5170403228,1.745,3.943,1.6519,605.364,pc,*,G8IV,,9.282606,10.57,9.56
HD 224786,,HD 224786,,,,,,,0.15693594898,-6.79737280332,23.599,3.679,3.365,300.474,pc,SB*,F5/6V,,9.972865,10.578,10.106
HD 224796,,HD 224796,,,,,,,0.19043056188,-7.49299504825,-24.668,-20.258,5.2971,182.094,pc,*,A9/F0V,,9.514594,10.051,9.63
HD 224776,,HD 224776,HIP 44,,,,,,0.13275418852,-3.30632060157,13.088,17.006,3.8451,260.071,pc,*,K0III,,7.605676,9.04,7.92
HD 224775,,HD 224775,,,,,,,0.12295744767,-2.38945674526,19.479,-36.013,8.2286,121.527,pc,*,G0V,,9.212992,9.9,9.39
HD 224761,,HD 224761,,,,,,,0.11556669869,0.20505916363,21.884,45.25,5.9354,168.481,pc,PM*,F3V,,9.147194,9.73,9.31
HD 224785,,HD 224785,HIP 56,,,,,,0.16292732911,0.22293384329,39.322,-2.19,1.6704,598.659,pc,*,K3III,,7.710588,9.46,8.13
HD 224794,,HD 224794,,,,,,,0.197145883,2.38490090998,59.887,-20.67,4.2902,233.089,pc,PM*,F3/5V,,9.411333,9.94,9.5
HD 224795,,HD 224795,,,,,,,0.19326212798,2.05227034998,35.815,6.843,4.2336,236.206,pc,*,G0V,,9.952016,10.6,10.1
HD 224774,,HD 224774,HIP 51,,,,,,0.14341650057,1.06621610213,10.426,7.748,3.0226,330.841,pc,*,G8IV,,8.688301,9.87,8.93
2MASX J00004415+0040229,,,,,,,,,0.1839669201,0.67300636662,,,,,,EmG,,,20.49681,16.9,15.8
HD 224773,,HD 224773,,,,,,,0.12025688508,5.92167099742,51.264,-38.529,6.1292,163.153,pc,PM*,G5,,9.511087,10.19,9.64
HD 224772,,HD 224772,,,,,,,0.1326246995,8.46866768881,5.677,-7.1,8.1618,125.238,pc,*,F2,,8.3138,8.81,8.43
HD 224759,,HD 224759,HIP 36,,,,,,0.10339432754,12.26714577757,53.36,13.783,5.9413,168.313,pc,PM*,K0,,7.362204,8.81,7.68
BD+15  4920,,,HIP 49,,,,,,0.13956473221,16.66904651471,25.29,6.135,3.4958,286.058,pc,*,F5,,9.401256,9.96,9.45
HD 224805,,HD 224805,,,,,,,0.19025916121,24.5832830369,-40.652,-38.135,5.1983,192.371,pc,PM*,F8,,9.07052,9.63,9.15
HD 224806,,HD 224806,HIP 67,,,,,,0.19934103297,23.53821935893,90.154,-12.056,7.1774,139.326,pc,PM*,F5,,7.719313,8.28,7.83
HD 224771,,HD 224771,HIP 42,,,,,,0.12542618898,25.84477317305,24.374,-12.529,8.5229,117.331,pc,*,F2,,8.124269,8.56,8.2
HD 224770,,HD 224770,,,,,,,0.1243804654,28.67617439222,11.409,-25.17,11.564,86.475,pc,*,K0,,8.719776,9.41,8.85
HD 224769,,HD 224769,,,,,,,0.11381630646,31.22595499494,26.344,-40.928,5.9116,169.159,pc,*,K0,,7.688228,9.15,7.99
HD 224802,,HD 224802,,,,,,,0.19327015865,38.5373343424,-7.953,-15.821,5.3623,186.487,pc,*,F0,,9.01422,9.48,9.1
HD 224752,,HD 224752,HIP 38,,,,,,0.11312864777,-79.06198223735,162.425,-62.09,24.9394,40.097,pc,PM*,G6V,,8.467084,9.4,8.61
HD 224767,,HD 224767,HIP 52,,,,,,0.14687628634,-77.02011986234,20.168,8.578,4.7157,212.058,pc,*,A4V,,8.531209,8.77,8.58
HD 224791,,HD 224791,,,,,,,0.18059433908,-72.47254144878,9.698,11.902,1.6,625.0,pc,*,K0,,9.514001,10.94,9.79
HD 224790,,HD 224790,HIP 66,,,,,,0.18841921075,-72.3182174795,-16.354,12.972,8.4105,118.899,pc,*,F2V,,8.464083,8.93,8.53
HD 224789,,HD 224789,HIP 57,,,,,,0.16800095395,-69.67596522407,-40.605,-67.653,34.1251,29.316,pc,PM*,K1V,,8.028081,9.12,8.24
HD 224788,,HD 224788,HIP 60,,,,,,0.17543711353,-64.46579705551,2.332,11.476,6.5865,151.826,pc,*,F2IV,,8.251941,8.74,8.34
CPD-57 10399,,,HIP 47,,,,,,0.13499197053,-56.8356005059,-44.907,-145.44,22.1427,45.162,pc,PM*,K3V,,10.284287,11.86,10.75
HD 224765,,HD 224765,,,,,,,0.117949614,-54.07493478853,-5.82,2.922,5.2521,196.132,pc,*,F5/7(V),9.71,10.009879,10.657,10.07
CD-55  9423,,,HIP 65,,,,,,0.18712161063,-54.83051452812,-202.711,-71.613,16.1641,61.865,pc,PM*,K4V,,10.588468,12.29,11.13
HD 224782,,HD 224782,HIP 50,,,,,,0.14308467,-53.09771348,52.93,-20.91,16.83,,,**,G0/2IV,7.41,,7.26,6.58
HD 224781,,HD 224781,,,,,,,0.1454042,-52.6369831,-13.4,-9.7,,,,**,K1/2III+A/F,,,10.08,9.15
HD 224800,,HD 224800,HIP 62,,,,,,0.17997153575,-45.422743474,2.908,-6.86,3.0128,331.917,pc,*,G8III,,8.005071,9.28,8.26
HD 224764,,HD 224764,HIP 37,,,,,,0.1053229662,-47.1795719933,-8.07,4.93,2.62,314.361,pc,**,F0V,10.15,10.3322,10.8,10.39
LEDA  143136,,,,,,,,,0.1219668428,-28.19398204931,2.6,-0.7,,,,G,,15.505,19.562172,16.77,13.57
2MASX J00003573-2904560,,,,,,,,,0.148875,-29.082228,9.9,1.5,,,,G,,16.439,,17.425,15.13
2MASX J00002658-3023550,,,,,,,,,0.11088684822,-30.39865688778,4.9,-1.8,,,,G,,16.569,20.765257,18.023,15.77
2dFGRS TGS432Z174,,,,,,,,,0.18481720184,-31.30140194461,1.3,-3.8,,,,G,,16.238,19.292583,17.518,15.03
2dFGRS TGS357Z038,,,,,,,,,0.1043136688,-30.30551030163,4.2,2.6,,,,G,,16.647,21.499277,17.631,15.54
LEDA  143148,,,,,,,,,0.19616404639,-30.38551292927,2.1,1.0,,,,EmG,,15.38,19.92286,16.43,13.24
HD 224782A,,HD 224782A,,,,,,,0.14308789633,-53.0977135528,52.798,-19.107,16.5331,60.485,pc,PM*,,,6.415747,7.08,6.48
HD 224782B,,HD 224782B,,,,,,,0.14270060517,-53.09732954925,71.477,-24.672,16.5418,60.453,pc,PM*,,,9.57141,10.71,9.74
HD 224783A,,HD 224783A,,,,,,,0.1588162229979,-66.6831679357706,170.898,-28.049,14.9069,67.083,pc,PM*,,,7.485056,8.14,7.63
HD 224783B,,HD 224783B,,,,,,,0.15618429601,-66.6830960907,166.024,-24.372,14.9148,67.047,pc,PM*,,,9.16259,9.67,9.1
BD+66  1669A,,,HIP 40,,,NGC 7822 12,,,0.1219599692054,67.2167867115369,-1.803,-2.426,0.9483,1054.52,pc,EB*,B1,,10.192575,11.72,10.72
HD 224766A,,HD 224766A,,,,,,,0.1339096214829,-72.2027158134375,-37.404,-2.322,15.2393,65.6198,pc,*,,9.884,9.564304,10.48,9.74
HD 236271,,HD 236271,,,,,,,0.20956742967,50.81403911545,-2.904,-1.911,0.6889,1451.589,pc,*,B8,,9.895995,9.87,9.85
HD 236273,,HD 236273,,,,,,,0.23250508941,50.70283248751,3.323,2.362,1.0706,934.056,pc,*,B5,,9.510994,9.48,9.52
HD 224814,,HD 224814,,,,,,,0.22536796967,53.26366713854,-4.432,-10.026,2.1768,459.39,pc,*,A,,9.182281,9.27,9.2
HD 224837,,HD 224837,HIP 89,,,,,,0.27715175475,53.16694331776,0.006,0.362,2.357,424.268,pc,*,K2,,7.220998,9.42,7.87
HD 236276,,HD 236276,,,,,,,0.27744777247,52.61221696912,7.104,-5.137,1.4245,702.001,pc,*,A7,,10.059811,10.43,10.06
HD 236275,,HD 236275,,,,,,,0.2495240848,52.26998926891,-1.126,3.778,1.0643,939.585,pc,*,K5,,8.736927,10.86,9.3
HD 236274,,HD 236274,HIP 83,,,,,,0.24806581909,52.08056355182,-3.856,-0.218,1.0469,955.201,pc,*,M0,,8.111053,10.49,8.82
HD 224815,,HD 224815,,,,,,,0.22039240462,51.67746661039,-14.514,-5.407,2.5877,386.444,pc,*,K2,,8.265372,9.79,8.62
HD 236272,,HD 236272,,,,,,,0.21318344752,53.5951201978,-3.397,-9.771,1.5708,636.618,pc,*,K2,,9.061087,10.53,9.4
HD 240474,,HD 240474,,,,,,,0.26453391375,60.39013120792,10.545,-11.858,2.3487,425.767,pc,SB*,G5,,9.166541,10.72,9.41
HD 224826,,HD 224826,HIP 73,,,,,,0.22032238814,66.84801005273,-21.912,17.628,3.0496,327.912,pc,*,K2,,6.362436,8.33,6.88
HD 224836,,HD 224836,HIP 86,,,,,,0.2604611845,69.60350331376,11.387,2.103,3.1705,315.408,pc,*,B9,,8.043077,8.06,8.03
HD 224825,,HD 224825,,,,,,,0.23966600891,68.45748880466,6.101,-2.858,4.4353,225.464,pc,*,A0,,7.924909,8.17,7.96
HD 224833,,HD 224833,,,,,,,0.256608,-42.571167,27.0,2.9,,,,**,F0V,,,10.39,10.01
HD 224842,,HD 224842,HIP 90,,,,,,0.28008314307,-41.88754697862,25.238,-48.073,8.8112,113.492,pc,PM*,F5IV/V,,7.534461,8.12,7.64
HD 224811,,HD 224811,,,,,,,0.2084529,-32.7359592,-11.6,-12.4,,,,**,K2III,,,10.26,8.99
CD-33 16806,,,HIP 94,,,,,,0.29499556668,-32.75683716545,48.839,-13.014,7.7708,127.734,pc,PM*,G2,,9.954228,10.69,10.05
LEDA  132746,,,,,,,,,0.25543115108,-31.38596841659,1.6,-3.6,,,,G,,15.157,18.99694,16.057,12.9
HD 224820,,HD 224820,HIP 77,,,,,,0.23057474332,-30.06416740644,18.805,2.371,4.2947,231.219,pc,*,A0V,,8.412427,8.43,8.41
2MASX J00010322-2918290,,,,,,,,,0.26342375172,-29.30796623013,-3.1,-1.6,,,,G,,15.79,21.210566,16.61,13.62
HD 224830,,HD 224830,,,,,,,0.25897540532,-22.77752130434,79.515,-78.959,5.751,173.883,pc,PM*,G8V,,8.308235,9.38,8.55
HD 224831,,HD 224831,,,,,,,0.24751761987,-23.44305330203,65.985,-82.319,6.481,152.98,pc,PM*,G2/3V,9.874,9.470128,10.237,9.816
HD 224832,,HD 224832,,,,,,,0.26735923997,-23.44033911029,67.335,-168.005,29.9938,33.144,pc,PM*,K3V,9.62,9.04744,10.388,9.608
CD-25 16747,,,HIP 85,,,,,,0.25614157909,-24.71403560221,45.541,-0.651,3.6355,236.98,pc,*,F0p,,10.505413,10.91,10.56
HD 224818,,HD 224818,,,,,,,0.2305248159967,-20.42398313648,-8.002,-9.971,2.2969,435.369,pc,*,A1IV,10.08,9.960469,10.021,9.994
HD 224841,,HD 224841,HIP 92,,,,,,0.2906943478,-20.70554914063,26.6,15.477,2.41,414.938,pc,*,G8III,,8.439182,9.61,8.67
HD 224819,,HD 224819,,,,,,,0.24923355471,-21.65173559715,4.794,-3.441,4.3663,223.589,pc,SB*,G5/8(V),,9.983202,10.88,10.06
HD 224817,,HD 224817,HIP 80,,,,,,0.24283086041,-11.8237394314586,418.215,-83.06,14.0637,71.634,pc,PM*,G2V,,8.258347,9.393,9.113
HD 224810,,HD 224810,HIP 72,,,,,,0.21993503971,-12.82896050353,188.595,-119.558,11.4329,87.467,pc,SB*,G3/5V,,8.811991,9.65,8.97
BD-11  6177,,,HIP 82,,,,,,0.24801807203,-10.93596374409,-5.529,-65.161,0.9297,1054.37,pc,PM*,G5,,9.139559,10.505,9.684
HD 224829,,HD 224829,HIP 87,,,,,,0.26149638466,-5.83500136146,-7.645,-10.588,4.914,203.5,pc,*,F5IV,,7.700641,8.21,7.79
HD 224840,,HD 224840,HIP 91,,,,,,0.28053096637,-5.87434550544,-13.832,-5.308,3.3552,298.045,pc,*,K3III,,7.275557,8.93,7.64
MCG-01-01-021,,,,,,,,,0.20214581816,-5.58001967263,-1.313,-3.694,,,,EmG,,,19.720892,13.78,12.49
HD 224828,,HD 224828,HIP 81,,,,,,0.24340772805,-4.93253584463,-187.001,-173.233,22.2093,45.026,pc,PM*,G5V,,8.416722,9.22,8.57
HD 224839,,HD 224839,HIP 93,,,,,,0.29233276507,-0.07611040791,42.194,-64.748,15.7099,63.819,pc,PM*,G3V,,7.981884,8.7,8.14
HD 224838,,HD 224838,,,,,,,0.263232282,2.42346696884,25.644,-4.218,3.6757,272.057,pc,*,G8/K1(IV),,9.856347,11.08,10.09
HD 224808,,HD 224808,HIP 68,,,,,,0.2004323303625,16.9881147781117,-52.202,-307.385,33.259,30.067,pc,**,K0,8.9,8.541258,9.73,9.39
HD 224807,,HD 224807,,,,,,,0.2004682174,19.58447553261,-17.71,-9.055,5.5036,181.699,pc,*,F5,,9.041516,9.47,9.08
HD 224816,,HD 224816,HIP 78,,,,,,0.23230683082,17.86783658152,-2.069,5.779,1.9953,501.178,pc,*,K0,,7.708723,9.26,8.06
HD 224827,,HD 224827,,,,,,,0.24335131173,22.72646894109,-41.861,-84.074,8.8047,113.576,pc,PM*,F8,,8.466266,9.01,8.58
HD 224804,,HD 224804,HIP 69,,,,,,0.20141204458,30.39588755237,14.451,-2.198,5.7801,173.007,pc,*,A0,,8.32446,8.43,8.3
V* V401 And,,,HIP 76,,,,,,0.22821875757,32.82565620757,-2.517,-8.087,1.2828,779.545,pc,LP?,M0,,8.014009,10.59,9.01
BD+34  5046,,,HIP 79,,,,,,0.23577027344,35.3167264932,11.998,-13.205,3.8472,259.929,pc,*,F5,,8.559238,9.18,8.68
HD 224803,,HD 224803,HIP 71,,,,,,0.20702433181,36.78009900429,-24.63,-22.343,6.6401,150.6,pc,*,G5,,8.05251,9.1,8.26
HIP 70,,,HIP 70,,,,,,0.20272295647,36.77757263347,-25.179,-21.605,6.6902,149.472,pc,*,,,10.379111,10.97,10.22
HD 224697,,HD 224697,,,,,,,0.21203412437,-88.32831369618,10.697,2.198,1.6721,598.05,pc,V*,A4III,,9.369811,9.75,9.39
HD 224813,,HD 224813,,,,,,,0.24647693023,-78.57380120293,6.084,-52.051,6.0841,163.24,pc,PM*,G0/2V,,9.739897,10.578,9.91
HD 224824,,HD 224824,,,,,,,0.26892754294,-76.62074141972,23.493,9.106,1.513,664.339,pc,*,G5/8,,9.687965,11.109,10.183
HD 224812,,HD 224812,,,,,,,0.2156301214,-65.64683291167,5.888,2.33,0.9236,1082.72,pc,SB*,K1(IV),,8.849458,10.66,9.27
HD 224822,,HD 224822,,,,,,,0.23926917355,-54.75562164126,7.5,-6.388,2.2539,443.675,pc,**,F5,,10.846651,11.39,10.94
HD 224823,,HD 224823,,,,,,,0.245834855,-55.28399260612,23.728,26.262,5.7843,173.614,pc,*,F5/6(V),,10.325753,10.909,10.507
HD 224843,,HD 224843,,,,,,,0.28196491878,-52.4839204169,32.334,-24.815,3.0964,322.956,pc,*,G5/6,,9.057531,10.54,9.33
HD 224821,,HD 224821,HIP 75,,,,,,0.22327196692,-50.44645720894,28.76,3.261,2.0454,488.902,pc,*,K4III,,6.835586,8.94,7.4
* tau Phe,,HD 224834,HIP 88,HR 9081,,,,,0.26909537663,-48.80987438889,-17.506,-6.325,6.6758,149.795,pc,*,G6/8III,,5.489142,6.62,5.698
HD 224835,,HD 224835,,,,,,,0.2612,-49.3256,,,,,,**,K0/1(III),,,12.0,10.2
2MASX J00010526-2822125,,,,,,,,,0.27201594651,-28.37013774602,-0.9,-1.6,,,,G,,15.575,20.131033,16.695,13.55
LEDA  143156,,,,,,,,,0.22814284643,-28.46328658645,0.4,6.2,,,,G,,15.388,20.183617,16.672,13.38
2MASX J00004984-2858430,,,,,,,,,0.2078366676,-28.97863564138,2.6,-2.3,,,,G,,16.595,19.515913,18.056,15.89
2MASX J00005591-2834140,,,,,,,,,0.233000027,-28.57062890406,-1.4,-4.8,,,,G,,16.382,20.675364,17.749,15.36
2MASX J00005301-3032480,,,,,,,,,0.22091748724,-30.54675173988,-0.2,-1.3,,,,G,,15.95,19.058283,17.421,14.7
2dFGRS TGS276Z133,,,,,,,,,0.2813263,-29.0216703,-0.1,4.4,,,,G,,16.64,,17.604,15.46
2MASX J00005307-3007140,,,,,,,,,0.22117602503,-30.12058850528,1.0,-1.4,,,,G,,15.22,19.856783,16.56,13.06
HD 224872,,HD 224872,,,,,,,0.3291574694,46.73194840287,4.537,-1.799,2.0733,482.323,pc,Pe*,B9.5IIIHgMn,,8.29855,8.31,8.31
HD 224871,,HD 224871,,,,,,,0.35534287735,47.94274863921,56.041,3.322,3.6246,275.893,pc,PM*,G5,,8.811275,9.43,8.93
HD 224870,,HD 224870,HIP 106,HR 9083,,,,,0.33021415894,49.98155694127,13.16,-11.451,4.1155,242.984,pc,*,G7II-III,,5.971371,7.185,6.217
HD 224881,,HD 224881,HIP 113,,,,,,0.36561015319,49.01040425444,-0.872,-3.16,1.3562,737.354,pc,*,A0,,8.935367,8.95,8.92
HD 236277,,HD 236277,,,,,,,0.31304971901,53.20504788059,-0.15,-3.54,1.2128,824.538,pc,*,K7,,7.9795,10.36,8.69
HD 224868,,HD 224868,,,,,,,0.34008491254,60.83920144724,-0.107,-1.057,1.2651,790.451,pc,*,B0Ib,,7.245332,7.387,7.291
HD 224869,,HD 224869,,,,,,,0.34846861561,60.3554711117,2.078,-3.7,1.0892,918.105,pc,Em*,B2ne,,8.252891,8.34,8.33
V* WZ Cas,,HD 224855,HIP 99,,,,,,0.31606997761,60.35528497784,10.693,-5.672,2.1227,471.098,pc,C*,C-N7III:,,5.678268,9.47,7.13
HD 224891,,HD 224891,HIP 123,,,,,,0.39989366015,72.23661595175,-43.768,4.001,5.8049,172.268,pc,*,K0,,6.887612,8.37,7.21
HD 224854,,HD 224854,HIP 105,,,,,,0.32780398778,70.9289390618,-5.247,-7.698,3.3918,294.829,pc,*,F0,,7.58745,8.15,7.74
HD 224880,,HD 224880,,,,,,,0.37551622418,73.30817911906,32.179,-3.841,4.8828,204.801,pc,*,F5,,8.915193,9.39,8.98
HD 224850,,HD 224850,HIP 102,,,,,,0.32048834111,-41.48743749799,17.43,-33.819,3.3415,299.267,pc,*,M1III,,6.346911,8.592,7.043
2MASX J00012242-3845212,,,,,,,,,0.3434611653,-38.75587534308,,,,,,BiC,,,19.334827,15.55,14.53
HD 224886,,HD 224886,HIP 116,,,,,,0.37532503132,-33.79277204125,-24.983,-23.602,7.7394,129.209,pc,*,F3V,,8.504671,9.01,8.59
HD 224863,,HD 224863,HIP 104,,,,,,0.32665108309,-31.89963863186,-34.642,2.298,7.8244,127.805,pc,*,F7V,,9.194883,9.87,9.31
HD 224862,,HD 224862,,,,,,,0.33846717444,-28.72501893315,-42.08,-16.126,5.5728,179.443,pc,*,K0III,,6.821788,8.21,7.1
LEDA  132702,,,,,,,,,0.39025789825,-28.41845609951,-2.2,-3.0,,,,Sy2,,15.121,20.503504,16.148,12.7
LEDA  198753,,,,,,,,,0.399608,-29.615442,-15.5,5.3,,,,EmG,,14.63,,15.65,11.7
2MASX J00011469-2910406,,,,,,,,,0.31133039732,-29.17795943974,-0.7,-0.6,,,,G,,,20.34658,,13.98
2MASX J00012431-2908476,,,,,,,,,0.35131892454,-29.14654542707,-8.9,1.2,,,,G,,,21.00952,,14.62
HD 224849,,HD 224849,HIP 97,,,,,,0.30737351661,-21.40404148949,15.29,1.658,5.9341,167.044,pc,*,F5V,,9.373844,9.951,9.48
HD 224885,,HD 224885,,,,,,,0.38585485369,-22.14125686297,23.68,10.794,1.9428,521.122,pc,*,G8IV,,9.626614,10.946,9.951
HD 224848,,HD 224848,,,,,,,0.30818280076,-19.00933282941,-13.566,-48.385,1.7564,594.844,pc,PM*,G8IV,,9.282364,10.529,9.861
HD 224884,,HD 224884,,,,,,,0.39408573986,-19.14236285614,0.905,-3.956,0.9104,1030.47,pc,*,G8(III),,9.436605,10.777,9.914
HD 224847,,HD 224847,HIP 95,,,,,,0.30200710145,-11.96404647003,-10.323,-12.813,6.6788,146.563,pc,*,F5V,,8.553936,9.507,9.191
HD 224861,,HD 224861,,,,,,,0.32575039299,-8.92629184132,2.432,9.437,3.7225,275.051,pc,*,F5V,10.082,9.82388,10.42,9.98
HD 224883,,HD 224883,HIP 118,,,,,,0.38660093698,-9.4300316882,46.219,1.093,12.6188,78.418,pc,*,F7V,,9.066768,9.78,9.22
HD 224860,,HD 224860,,,,,,,0.33364962079,-2.56487159715,-5.856,-17.01,2.1005,496.266,pc,*,K1(III),,9.653075,11.072,10.03
HD 224898,,HD 224898,,,,,,,0.39679581309,-0.13795247456,21.128,-6.376,1.3875,684.176,pc,RB?,K0/1(III),,9.82338,11.169,10.136
HD 224859,,HD 224859,,,,,,,0.34584286003,-1.62138425648,55.488,9.144,10.6816,93.342,pc,PM*,K0/1(III),,10.244552,11.19,10.41
HD 224846,,HD 224846,,,,,,,0.31357003807,-2.34055449342,-18.127,-56.406,3.1578,312.144,pc,PM*,G8IV,,8.805856,10.046,9.538
HD 224845,,HD 224845,,,,,,,0.30597298236,2.51819304443,-42.33,-23.42,4.5479,219.882,pc,*,F6/8,,9.945115,10.49,9.97
HD 224876,,HD 224876,,,,,,,0.36507734332,0.30159271301,-17.612,-2.327,2.0757,470.791,pc,*,G8III,,8.93975,10.205,9.23
HD 224858,,HD 224858,,,,,,,0.3335704746,7.70163589478,-35.293,-71.273,6.9569,143.742,pc,PM*,F8,,9.338067,9.99,9.41
V* DR Psc,,HD 224875,HIP 109,,,,,,0.34659811829,6.79147088775,-1.483,-8.273,5.2472,190.578,pc,dS*,F0,,7.142595,7.59,7.21
BD+13  5195A,,,HIP 96,,,,,,0.30498761875,13.97507647195,15.608,150.05,27.3406,36.576,pc,PM*,M0.5V,10.05,9.923772,11.69,10.26
HD 224844,,HD 224844,HIP 100,,,,,,0.31637263435,19.74124862213,-25.083,-34.072,2.4495,408.247,pc,*,G0,,8.200515,9.31,8.44
HD 224882,,HD 224882,HIP 114,,,,,,0.37164019,30.73578477,-12.73,-38.83,8.49,,,**,G0IV,8.685,,8.82,8.449
HD 224895,,HD 224895,HIP 121,,,,,,0.39642358022,28.42369167819,-19.225,-34.127,4.2578,234.863,pc,*,K2III,,6.483169,8.04,6.84
HD 224857,,HD 224857,,,,,,,0.31788009003,33.15579047037,-40.074,-39.98,4.4982,222.311,pc,PM*,K0,,7.780283,9.12,8.06
HD 224874,,HD 224874,,,,,,,0.34294142853,34.04142082124,-0.57,-10.923,3.4143,292.886,pc,*,A0,,8.632569,8.7,8.62
HD 224856,,HD 224856,,,,,,,0.31517320011,37.89972243094,4.583,-4.899,2.1055,474.947,pc,*,G5,,8.461342,9.71,8.72
HD 224894,,HD 224894,HIP 119,,,,,,0.39016928513,44.67540302426,-9.54,-17.678,6.1672,162.148,pc,*,K0,,6.542779,7.88,6.82
HD 224867,,HD 224867,,,,,,,0.36183020884,-83.52287747571,16.443,-4.017,3.8114,262.371,pc,*,F3/5III/IV,,8.894742,9.55,9.02
* tet Oct,,HD 224889,HIP 122,HR 9084,,,,,0.3987477119846,-77.0657253520472,-56.841,-176.791,15.4549,64.7044,pc,PM*,K3III,,4.366584,6.049,4.783
HD 224879,,HD 224879,HIP 117,,,,,,0.38054835639,-72.6059009999,17.222,1.21,1.8126,551.694,pc,*,G8III,,8.237561,9.68,8.56
HD 224866,,HD 224866,HIP 108,,,,,,0.33665066858,-70.12527071581,13.857,14.836,1.4315,650.973,pc,*,K3II/III,,8.110887,10.048,9.195
HD 224853,,HD 224853,HIP 103,,,,,,0.32209540272,-68.37111936295,-11.742,-40.951,9.3876,106.195,pc,*,F6V,,8.183792,8.8,9.181
HD 224878,,HD 224878,HIP 115,,,,,,0.37258568363,-62.92313055297,-2.337,10.994,3.9546,252.87,pc,*,A2IV,,7.450423,7.6,7.45
HD 224852,,HD 224852,,,,,,,0.31760801367,-60.61587174335,26.137,-0.249,1.7112,572.037,pc,Pu*,A8V,9.75,9.944398,10.584,10.233
HD 224851,,HD 224851,HIP 98,,,,,,0.30717077412,-52.79857473778,-1.859,1.841,7.4368,134.226,pc,*,F6/7V,,9.750472,10.353,9.88
HD 224887,,HD 224887,,,,,,,0.38574159502,-48.98245695255,8.417,7.426,1.4016,713.47,pc,*,G5/8(III),,9.775621,11.11,10.04
HD 224888,,HD 224888,,,,,,,0.38885670892,-49.66218984088,38.335,-23.416,2.6541,368.294,pc,*,G6(III),9.73,9.844218,11.002,10.142
HD 224865,,HD 224865,HIP 107,HR 9082,,,,,0.3338295273,-50.33737026277,7.722,11.887,5.3743,186.071,pc,V*,M2III,,4.765762,7.12,5.524
HD 224864,,HD 224864,HIP 101,,,,,,0.31971186882,-47.79382845083,-13.898,0.706,3.985,251.044,pc,*,F5IV/V,,9.774849,10.286,9.89
HD 224902,,HD 224902,HIP 120,,,,,,0.39591817174,-45.34475939853,-20.628,-28.974,1.9813,504.719,pc,*,K1IIICNIV,,7.91326,9.5,8.31
2MASX J00012723-3027508,,,,,,,,,0.3634044531,-30.46409280065,-7.8,-6.2,,,,G,,16.2,20.495945,17.65,15.16
2MASX J00013409-3055478,,,,,,,,,0.39204276578,-30.92983881727,-0.6,-6.3,,,,G,,15.793,20.488035,16.511,13.6
CTLGM 741,,,,,,,,,0.3344434234,-31.11906285623,0.3,-7.5,,,,G,,16.065,20.11796,17.532,15.56
2dFGRS TGS358Z147,,,,,,,,,0.3610392,-30.319775,-1.0,-6.4,,,,G,,17.128,,17.66,15.87
CTLGD 7846,,,,,,,,,0.304371,-29.675453,13.3,-2.8,,,,EmG,,16.31,,17.43,15.03
CTLGD 8349,,,,,,,,,0.35643066101,-29.56766726207,4.5,1.1,,,,EmG,,15.58,19.483553,17.09,13.93
HD 224877,,HD 224877,,,,,,,0.35102985846,0.25156479216,24.089,-0.103,2.791,350.095,pc,*,G0,,10.517355,11.17,10.666
HD 224882B,,HD 224882B,,,,,,,0.3715622867475,30.7354801392975,-5.402,-43.174,8.4769,117.968,pc,*,,,9.571121,10.44,9.73
HD 224873B,,HD 224873B,,,,,,,0.34866783768,39.6103678776,-23.252,-45.815,20.0276,49.931,pc,PM*,K1V,,9.431236,10.51,9.68
HD 224873A,,HD 224873A,,,,,,,0.34860587902,39.61072094288,-31.671,-44.075,19.336,51.717,pc,PM*,K0V,,8.895423,9.77,9.0
BD-17  6862,,,HIP 112,,,,,,0.3576633351171,-16.9484423192997,293.902,-253.436,31.76,31.4861,pc,PM*,K7.0V,10.37,10.098359,12.29,10.62
HD 224882A,,HD 224882A,,,,,,,0.3716519293842,30.7357788199847,-15.046,-41.064,8.749,114.299,pc,*,,,8.004928,8.77,8.13
BD+45  4396,,,HIP 155,,,,,,0.49118612898,46.26914989842,15.393,0.012,3.0659,326.168,pc,*,A2,,9.886821,10.14,9.89
HD 224920,,HD 224920,,,,,,,0.44098977626,52.77230369778,-7.253,-3.953,1.9865,503.398,pc,Pu*,A,,9.290646,9.35,9.31
HD 236278,,HD 236278,,,,,,,0.42776418971,52.213993131,-10.557,-54.14,18.6491,53.622,pc,PM*,K1V,,9.1041,10.09,9.28
HD 224893,,HD 224893,HIP 124,HR 9085,,,,,0.40423349109,61.22279985728,-1.765,0.027,1.3825,723.327,pc,*,A8II,,5.453592,5.966,5.567
HD 224905,,HD 224905,,,,,,,0.41097792958,60.4499240471,-3.198,-1.531,0.7747,1290.822,pc,Be*,B2,,8.410068,8.58,8.4
HD 224892,,HD 224892,HIP 131,,,,,,0.4198208114,62.01808667832,-9.994,-28.747,6.9667,143.54,pc,*,A4V,,8.100256,8.31,8.1
HD 224939,,HD 224939,HIP 156,,,,,,0.49693660411,63.35782665997,9.498,-7.995,2.4257,412.252,pc,*,B8V,,8.562247,8.68,8.6
HD 224918,,HD 224918,HIP 142,,,,,,0.45378587757,66.30603253366,6.055,12.606,16.5611,60.382,pc,*,K0,,7.171536,8.05,7.32
HD 224938,,HD 224938,,,,,,,0.49414242529,66.4378992353,-3.607,-6.384,3.5948,278.18,pc,*,B9,,7.273829,7.289,7.263
HD 224919,,HD 224919,,,,,,,0.45717119088,65.45556993976,17.791,52.818,15.3692,65.065,pc,PM*,F5,,7.535949,8.12,7.64
V* V747 Cep,,,HIP 139,,,NGC 7822 3,,,0.44528283066,67.50697287005,-1.566,-1.795,0.983,1017.294,pc,SB*,O5.5V(n)((f)),,9.331973,11.38,10.07
HD 224890,,HD 224890,HIP 128,,,,,,0.41441007652,73.61184646685,76.77,-12.116,14.3366,69.752,pc,SB*,kA1hA7mF0,,6.480009,6.681,6.492
HD 224917,,HD 224917,HIP 144,,,,,,0.45528386166,76.17559770839,19.026,-5.448,2.6755,373.762,pc,*,K5,,8.184789,10.05,8.66
HD 224914,,HD 224914,HIP 133,,,,,,0.42347579876,-40.14870610768,33.657,-16.684,5.5573,179.943,pc,*,F5IV,,6.506227,7.15,6.62
HD 224901,,HD 224901,,,,,,,0.40574210159,-41.19507240843,65.587,-33.761,6.0149,166.254,pc,PM*,F5V,,10.02778,10.68,10.16
HD 224937,,HD 224937,HIP 151,,,,,,0.48487662661,-41.61377782845,89.988,-15.471,7.891,126.727,pc,**,F3/5III,,7.780284,8.218,7.777
HD 224900,,HD 224900,HIP 125,,,,,,0.40467371789,-39.33674842869,-18.654,-28.28,6.5342,153.041,pc,*,F2V,,8.606897,9.06,8.7
HD 224936,,HD 224936,HIP 150,,,,,,0.480306296,-37.22995069328,-19.412,-44.111,7.0922,141.0,pc,*,K1III,,6.738419,8.13,7.06
CD-35 16037,,,HIP 132,,,,,,0.42202278256,-34.6535433616,5.8,-14.679,2.476,396.664,pc,*,F0,,10.536109,10.915,10.617
HD 224913,,HD 224913,HIP 130,,,,,,0.41829467968,-30.69253622993,14.79,-12.012,2.1249,470.61,pc,*,K0III,,8.836822,10.19,9.13
HD 224912,,HD 224912,,,,,,,0.42787681178,-28.21527163047,38.796,20.489,2.7875,358.744,pc,*,K1III,,8.949975,10.24,9.21
CD-28 18443,,,HIP 152,,,,,,0.48441477769,-28.13094847091,-13.732,2.851,3.9873,251.535,pc,*,,,9.921985,10.4,10.061
HD 224948,,HD 224948,,,,,,,0.49063320444,-30.15796497393,18.236,2.296,4.1967,239.051,pc,*,A9/F0V,,9.885936,10.29,9.96
ESO 409-2,,,,,,,,,0.43321110697,-30.41884029222,1.8,1.5,,,,G,,14.16,18.977942,15.25,11.33
2MASXI J0001539-301043,,,,,,,,,0.47469612931,-30.17869586322,6.7,-12.3,,,,LSB,,15.56,21.621456,16.66,13.48
LEDA  198776,,,,,,,,,0.45047301765,-28.87600946206,-8.6,-5.4,,,,EmG,,15.93,21.008123,16.77,14.06
HD 224927,,HD 224927,HIP 146,,,,,,0.4558365702317,-25.7985309596378,-130.572,-343.252,7.5672,132.149,pc,**,A9V,,8.890443,9.28,8.96
HD 224899,,HD 224899,,,,,,,0.4003284416,-26.46993027822,17.629,-21.655,1.8912,528.765,pc,Er*,K1(III),,9.193665,10.51,9.45
HD 224911,,HD 224911,,,,,,,0.44612192556,-19.19423255369,-2.73,-7.956,1.2907,774.773,pc,*,K0,,10.023203,11.38,10.32
HD 224910,,HD 224910,HIP 138,,,,,,0.43744325365,-16.53166193415,94.107,24.293,6.0004,166.656,pc,PM*,K0/1IV,,7.532662,8.9,7.84
NAME WLM Galaxy,NAME Wolf-Lundmark-Melotte,,,,,,,,0.4913,-15.4639,,,,0.92,Mpc,G,,10.93,,11.5,11.1
*  30 Psc,,HD 224935,HIP 154,HR 9089,,,,,0.49008113222,-6.01407055668,46.941,-40.471,7.8758,126.971,pc,LP?,M3III,2.85,3.292785,6.04,4.41
*  29 Psc,,HD 224926,HIP 145,HR 9087,,,,,0.45603380293,-3.02750328334,17.905,-10.329,7.5845,140.109,pc,V*,B7III-IV,,5.0603,4.98,5.1
HD 224909,,HD 224909,HIP 134,,,,,,0.42519378298,-1.13996140879,21.843,4.456,3.2153,311.539,pc,*,A1/2III,,9.902843,10.13,9.89
HD 224908,,HD 224908,HIP 135,,,,,,0.42679514528,-0.2177779556,20.228,-114.544,19.1241,51.921,pc,PM*,G5V,,8.495264,9.26,8.64
HD 224934,,HD 224934,,,,,,,0.49138606276,0.12857629077,-53.585,-48.408,13.3567,74.869,pc,PM*,G6V,,9.21683,10.07,9.31
HD 224897,,HD 224897,HIP 129,,,,,,0.41561667955,5.37280803502,6.039,23.429,5.1878,192.76,pc,*,F6V,,9.195368,9.88,9.38
HD 224925,,HD 224925,,,,,,,0.47043136575,7.34110821744,28.905,-11.526,3.7543,266.361,pc,*,G5,,9.479153,10.17,9.62
HD 224933,,HD 224933,,,,,,,0.48912912676,7.43290513866,19.555,11.971,6.4287,155.552,pc,*,F8,,9.57035,10.24,9.7
HD 224932,,HD 224932,HIP 153,,,,,,0.48450786916,12.65488769762,-12.243,-28.978,4.6497,215.068,pc,*,F8,,8.791101,9.31,8.84
HD 224931,,HD 224931,HIP 148,,,,,,0.47882005463,15.52854117111,10.787,5.24,4.4083,226.845,pc,*,F8,,8.008915,8.73,8.15
HD 224896,,HD 224896,HIP 126,,,,,,0.40882607207,14.63232506905,36.963,7.522,3.0478,328.106,pc,*,G5,,7.79954,9.02,8.05
HD 224924,,HD 224924,,,,,,,0.44423938713,18.75487132793,16.019,-4.118,2.9201,342.454,pc,*,K0,,8.195474,9.64,8.48
HD 224923,,HD 224923,HIP 147,,,,,,0.46605968916,21.02623564389,6.563,-5.356,1.2232,817.528,pc,*,K5,,7.909909,9.97,8.47
HD 224907,,HD 224907,HIP 136,,,,,,0.42869153221,24.2531127806,18.493,-28.176,5.4909,182.12,pc,*,K2III-IV,,6.261549,7.76,6.59
HD 224922,,HD 224922,,,,,,,0.46939346755,26.11620304982,-18.827,-40.588,2.6096,383.2,pc,*,K0,,8.434376,9.77,8.72
HD 224921,,HD 224921,HIP 141,,,,,,0.45348800275,36.35035824995,19.182,5.2,4.0897,244.517,pc,*,K5,,8.041692,9.78,8.45
HD 224906,,HD 224906,HIP 137,HR 9086,,,,,0.43270504389,42.36714334089,4.654,-1.959,2.9772,335.886,pc,*,B9IIIp?(HgMn?),,6.226424,6.197,6.24
HD 224941,,HD 224941,,,,,,,0.49364656482,44.09582965819,2.47,-3.668,1.7997,555.648,pc,*,A,,9.752549,9.81,9.79
HD 224916,,HD 224916,,,,,,,0.45009210261,-79.83712861808,26.073,-4.258,1.8369,544.395,pc,*,K0,,9.379115,10.97,9.72
HD 224904,,HD 224904,,,,,,,0.40721092299,-70.32424273571,23.587,-28.753,8.748,113.446,pc,*,G0/2V,9.43,9.653302,10.44,9.863
HD 224915,,HD 224915,HIP 140,,,,,,0.45333110244,-68.10489308838,100.678,-33.596,8.8192,113.416,pc,PM*,F7V,,8.921438,9.54,9.511
HD 224929,,HD 224929,,,,,,,0.45020206055,-67.37103661252,-3.709,-12.819,5.6572,173.975,pc,*,G0/2III(+A/F),,10.036402,10.67,10.158
HD 224903,,HD 224903,,,,,,,0.4144982378,-64.76115928112,13.396,3.081,1.7087,585.24,pc,*,M2III,,7.565182,10.02,8.45
CD-49 14318,,,HIP 127,,,,,,0.41227784368,-48.93565229158,43.82,-200.914,13.3382,86.212,pc,PM*,,,10.562162,11.772,10.791
HD 224928,,HD 224928,,,,,,,0.45692877336,-48.56245365424,139.329,3.411,3.9876,250.777,pc,PM*,F0/2IV/V,,9.050876,9.49,9.13
CTLGM 5875,,,,,,,,,0.49450756061,-28.59746276643,-0.167,-0.054,0.4386,,,G,,15.989,18.828474,17.488,14.8
2MASX J00014314-2817292,,,,,,,,,0.42973016711,-28.29144150415,-3.3,-5.3,,,,G,,16.106,20.076893,17.455,14.91
2MASX J00014526-3055092,,,,,,,,,0.43859752169,-30.91931595978,7.1,-6.0,,,,G,,16.717,21.749117,18.015,15.93
2dFGRS TGS357Z207,,,,,,,,,0.47069930071,-30.77837405287,12.6,-6.7,,,,G,,16.75,21.289652,17.869,15.81
2dFGRS TGS358Z256,,,,,,,,,0.4795,-30.9839997,3.5,1.4,,,,G,,16.712,,17.505,15.42
CTLGD 8691,,,,,,,,,0.42276286623,-29.49579645755,4.8,-2.9,,,,EmG,,15.78,20.411064,17.07,14.18
CTLGD 6975,,,,,,,,,0.4347,-29.865336,5.2,0.2,,,,EmG,,15.31,,16.78,13.41
2MASX J00015075-3005323,,,,,,,,,0.46148235879,-30.09238230364,-1.197,-0.097,1.6552,,,G,,15.75,19.469563,17.02,14.11
HD 224969,,HD 224969,HIP 173,,,,,,0.54957267866,47.57720413702,-7.179,-7.591,3.0243,330.655,pc,*,A2,,8.387774,8.68,8.44
HD 224993,,HD 224993,,,,,,,0.5916863,50.4998247,-8.9,-1.4,,,,**,A0,,,7.53,7.46
HD 224968,,HD 224968,HIP 175,,,,,,0.552420573,49.77108693293,-9.246,-19.234,3.5284,283.415,pc,*,G5,,7.608661,8.75,7.83
HD 236280,,HD 236280,HIP 182,,,,,,0.58118710852,52.58640614303,4.708,-12.73,2.3479,425.913,pc,*,K0,,8.253679,9.57,8.53
HD 236279,,HD 236279,,,,,,,0.55270163929,55.00003371145,5.962,-0.425,3.4941,286.197,pc,*,F8,,8.70357,9.62,8.92
HD 224981,,HD 224981,,,,,,,0.56881520647,56.76453116155,72.218,-5.155,3.4652,288.584,pc,PM*,K2II,,7.832612,9.36,8.17
V* V822 Cas,,HD 224980,HIP 181,,,,,,0.57377317602,60.70316796437,-8.963,-11.082,2.5792,387.717,pc,LP*,M0,,5.742062,8.53,6.753
HD 240476,,HD 240476,,,,,,,0.57479939231,60.50598064044,-71.476,-98.518,26.1595,38.227,pc,PM*,K5,,9.365582,10.65,9.71
HD 224940,,HD 224940,HIP 164,,,,,,0.51912717193,59.94010091841,113.301,36.52,3.8212,261.698,pc,PM*,G9III,,7.709221,8.93,7.96
HD 240475,,HD 240475,HIP 174,,,,,,0.55163355759,59.96534552738,14.033,-0.367,2.6242,381.069,pc,SB*,G9II-III,,8.529044,9.88,8.85
BD+66  1675,,,HIP 172,,,NGC 7822 14,,,0.54286960254,67.40895246161,-1.649,-2.068,0.9248,1081.315,pc,*,O7.5Vz,,8.576736,10.16,9.08
HD 224949,,HD 224949,HIP 158,,,,,,0.50084468252,-37.9018764815,121.128,-35.553,5.7979,172.476,pc,PM*,K0III,,6.82281,8.1,7.09
HD 224977,,HD 224977,,,,,,,0.56069753542,-33.73021639879,22.79,-1.932,3.8188,261.862,pc,*,F8/G0V,,9.74737,10.44,9.84
LEDA  198765,,,,,,,,,0.56984534317,-31.77533296809,6.4,-9.4,,,,Sy2,,15.54,19.814062,16.41,13.49
HD 224964,,HD 224964,HIP 163,,,,,,0.51719396828,-30.68522914017,17.864,2.017,4.1288,238.146,pc,*,A3V,,8.970078,9.07,8.96
HD 224998,,HD 224998,,,,,,,0.59696209068,-28.56906949763,4.236,-14.21,2.5298,395.288,pc,*,K1III,,8.636036,10.03,8.91
* zet Scl,,HD 224990,HIP 183,HR 9091,,,,,0.58302942717,-29.72044125463,9.181,15.079,4.8234,207.323,pc,SB*,B5IV,,4.994605,4.879,5.022
HD 224976,,HD 224976,,,,,,,0.54968881218,-30.25081008152,20.1,2.8,,,,*,F3V,,10.297121,10.36,10.0
ESO 409-5,,,,,,,,,0.51466393784,-28.58314188321,2.7,-0.6,,,,G,,14.9,19.581308,16.43,13.19
MCG-05-01-025,,,,,,,,,0.52276259872,-30.61905279852,2.6,0.4,,,,G,,14.533,18.585588,15.91,11.7
ESO 409-6,,,,,,,,,0.568863,-30.498647,-2.3,-5.4,,,,Sy2,,15.22,,16.34,13.05
LEDA  132727,,,,,,,,,0.54774265028,-28.91502416704,1.3,-0.8,,,,EmG,,,19.995884,16.41,12.71
HD 224975,,HD 224975,,,,,,,0.56218540055,-26.67855012125,68.865,-8.446,5.5908,178.865,pc,PM*,G0V,,9.270076,9.91,9.34
2dFGRS TGS198Z046,,,,,,,,,0.50408764581,-27.67762314569,2.2,-10.7,,,,G,,15.137,20.537437,16.412,12.9
HD 224963,,HD 224963,,,,,,,0.51795113785,-22.67412123909,36.364,-15.831,2.1335,468.713,pc,*,K0III,,9.534201,10.92,9.8
HD 224962,,HD 224962,HIP 165,,,,,,0.51971658134,-22.3274852889,-8.636,-6.704,1.683,594.177,pc,*,ApSr(Cr),,10.091622,10.54,10.12
HD 224961,,HD 224961,HIP 170,,,,,,0.53760182162,-20.87166236176,-30.464,-10.033,3.9722,322.0923,pc,*,F5V,,9.512423,10.09,9.61
V* W Cet,,HD 224960,,HR 9090,,,,,0.53079157666,-14.6758423953,6.498,-7.133,0.921,1085.776,pc,S*,S5.5-7/1.5-3e,9.14,8.950414,16.09,14.46
HD 224973,,HD 224973,HIP 177,,,,,,0.56021980528,-11.96434837596,8.96,-3.365,4.9063,203.82,pc,SB*,A1mA5/7-A8,,8.906956,9.09,8.93
HD 224974,,HD 224974,HIP 179,,,,,,0.56951743254,-13.40743587506,262.142,32.741,16.098,62.12,pc,SB*,G0V,,6.78791,7.43,6.89
HD 224988,,HD 224988,HIP 180,,,,,,0.57091424425,-9.17492855123,4.652,-13.912,2.5705,389.029,pc,*,K2III/IV,,8.134801,9.67,8.46
HD 224987,,HD 224987,,,,,,,0.57238531681,-6.97031460601,1.615,10.563,1.4372,695.797,pc,*,G6/8IV,,9.207656,10.67,9.6
HD 224959,,HD 224959,HIP 168,,,,,,0.53342282844,-2.82006466254,-36.611,-91.826,1.6559,603.901,pc,SB*,CEMP-rs,,9.305923,10.6,9.6
HD 224946,,HD 224946,,,,,,,0.50895462619,-3.27449513543,44.567,-32.221,6.0558,165.131,pc,PM*,G5V,,9.446032,10.24,9.59
HD 224947,,HD 224947,HIP 157,,,,,,0.50042326128,-5.21392470356,38.786,29.721,5.828,171.585,pc,*,G8IV,,8.279795,9.41,8.51
V* BU Psc,,HD 224945,HIP 159,,,,,,0.51090459133,-2.76617089017,38.238,-3.32,15.6486,63.903,pc,gD*,A9V/IV,,6.871397,7.2,6.92
HD 224972,,HD 224972,,,,,,,0.55663345009,-0.48524787731,-1.242,-3.85,3.6012,277.685,pc,*,F0V,,9.564974,10.12,9.66
HD 224985,,HD 224985,,,,,,,0.57122013026,-0.36007023898,35.445,-40.733,4.018,262.15,pc,PM*,G8/K0,,10.50622,11.5,10.8
HD 224944,,HD 224944,,,,,,,0.51525164093,-1.55251813311,114.333,-55.843,10.0178,99.822,pc,PM*,G8V,,10.203774,11.13,10.32
HD 224986,,HD 224986,,,,,,,0.5717014556,-2.13914582174,46.345,-44.209,9.5539,104.266,pc,PM*,F8V,,9.488021,10.2,9.71
HD 224958,,HD 224958,,,,,,,0.52698829468,0.41534212846,45.43,2.008,7.596,131.648,pc,*,F3V,,9.04455,9.55,9.12
HD 224971,,HD 224971,,,,,,,0.546571103,0.47327951455,30.347,8.352,4.2759,233.869,pc,SB*,F3/5V,,10.109268,10.7,10.29
HD 224983,,HD 224983,HIP 184,,,,,,0.58976198687,11.00623756195,-4.919,-42.738,29.589,33.796,pc,*,K0,,8.250363,9.33,8.47
HD 224984,,HD 224984,HIP 185,,,,,,0.59003849821,10.78536381865,-49.31,-115.575,10.0796,99.21,pc,PM*,F8,,8.41476,9.05,8.5
BD+26  4735,,,HIP 162,,,,,,0.51335263623,27.11860418319,-5.017,-7.974,3.0747,325.235,pc,*,G0,,9.674858,10.48,9.8
*  85 Peg,,HD 224930,HIP 171,HR 9088,,,,,0.5431196641087,27.0818330838094,716.46,-941.497,81.179,12.3185,pc,SB*,G5VbFe-2,5.16,5.595876,6.42,5.75
BD+32  4753,,,HIP 161,,,,,,0.51240767307,33.69596105295,-24.907,-12.145,1.3736,728.014,pc,*,K5,,8.472102,10.41,8.93
HD 224982,,HD 224982,,,,,,,0.59026533584,34.84017664067,-44.172,-15.363,3.6907,270.951,pc,*,K0,,7.6328,8.96,7.93
HD 224957,,HD 224957,HIP 167,,,,,,0.52782596697,39.18320549121,5.982,-3.322,3.2766,305.194,pc,*,B9,,8.569393,8.64,8.57
HD 224956,,HD 224956,,,,,,,0.5387489586,42.12119154402,4.053,-3.3,2.668,374.813,pc,*,A0,,9.163283,9.19,9.16
HD 224942,,HD 224942,,,,,,,0.51419220399,40.13255715414,48.894,18.022,6.9451,143.986,pc,PM*,F2,,8.974296,9.53,9.09
HD 224955,,HD 224955,,,,,,,0.53045552993,44.53221969714,26.986,-7.774,2.2491,444.622,pc,*,K2,,6.693346,9.21,7.55
HD 224970,,HD 224970,HIP 176,,,,,,0.55339975627,44.42825971133,19.073,-6.714,3.7886,263.95,pc,SB*,K0,,8.70976,9.38,8.84
HD 224966,,HD 224966,,,,,,,0.55309888135,-79.28364358599,50.8,-3.468,5.056,196.519,pc,PM*,F6/7IV/V,,9.889539,10.594,10.154
HD 224967,,HD 224967,,,,,,,0.50378313294,-81.28323091037,6.761,5.127,3.7309,262.213,pc,*,A9V,,9.958479,10.39,10.04
HD 224979,,HD 224979,,,,,,,0.56610901799,-72.6293923471,27.786,21.522,3.8715,248.584,pc,*,F3IV/V,,9.81924,10.28,9.88
HD 224978,,HD 224978,,,,,,,0.54967025011,-67.52536079959,21.03,-10.442,2.9987,325.697,pc,*,K0/1(III),,9.320396,10.513,9.722
HD 224953,,HD 224953,HIP 169,,,,,,0.53640043,-68.28076443,209.95,-229.66,65.24,15.33,pc,**,K5/M0V,8.372,,10.646,9.241
HD 224954,,HD 224954,HIP 160,,,,,,0.5117914233,-69.26919720112,15.009,4.699,2.3849,419.305,pc,*,B9V,,8.668863,8.62,8.66
HD 224953B,,HD 224953B,,,,,,,0.5389671913667,-68.2814754505953,199.019,-239.255,58.9753,16.9563,pc,PM*,,,10.076243,12.01,10.56
HD 224952,,HD 224952,,,,,,,0.50228759363,-64.84347516725,44.851,0.015,3.1047,319.548,pc,*,K1III,,8.945062,10.476,9.603
HD 224965,,HD 224965,HIP 166,,,,,,0.5213170622,-56.51492944516,-47.594,-11.492,9.2855,107.695,pc,*,G3V,,8.704645,9.52,8.86
HD 224951,,HD 224951,,,,,,,0.5186760987,-52.87528104551,4.649,-1.054,5.2353,192.064,pc,*,F3/5V,,9.977683,10.511,10.163
HD 224950,,HD 224950,,,,,,,0.50969139724,-47.9304075537,17.826,-6.267,3.3408,327.091,pc,*,F5,,10.459826,10.988,10.504
2MASX J00020592-2848021,,,,,,,,,0.52487657139,-28.80062919275,1.1,-1.5,,,,G,,16.285,19.56585,17.592,15.08
2MASX J00021378-2853430,,,,,,,,,0.55745,-28.895281,-0.6,-2.6,,,,G,,16.413,,17.569,15.17
2MASX J00020473-2856411,,,,,,,,,0.51963094456,-28.94465262652,3.7,-3.7,,,,G,,16.437,21.045033,17.932,15.63
2dFGRS TGS277Z199,,,,,,,,,0.5425788,-28.9006097,-0.5,11.7,,,,G,,17.111,,17.846,15.89
LEDA 3587912,,,,,,,,,0.56693161738,-29.43971082246,2.5,0.2,,,,EmG,,15.09,19.639074,16.55,12.72
HD 224953A,,HD 224953A,,,,,,,0.5363674559412,-68.2807642801947,216.425,-226.585,65.8083,15.177,pc,PM*,K5.0,,8.920758,10.81,9.57
HD 224989B,,HD 224989B,,,,,,,0.56714159328,-27.13489728391,98.846,6.951,10.474,95.475,pc,PM*,,,8.752354,9.59,8.94
HD 224989A,,HD 224989A,,,,,,,0.56804835009,-27.13515298469,92.226,8.546,9.0301,110.741,pc,PM*,,9.15,8.456539,9.06,8.55
TYC 6415-610-1,,,,,,,,,0.56723888972,-25.49576864026,22.496,-12.006,4.282,230.882,pc,*,,,11.367532,12.11,11.56
HD 224999,,HD 224999,HIP 195,,,,,,0.62577981579,47.42289044097,11.888,-28.654,8.8386,113.14,pc,*,F8,,7.507746,8.11,7.61
HD 236283,,HD 236283,,,,,,,0.66497841481,50.73175236697,0.376,-5.2,1.4758,677.599,pc,*,A0,,9.80772,9.86,9.8
HD 225021,,HD 225021,HIP 213,,,,,,0.66702746182,51.472399879,41.639,-5.303,4.1769,239.412,pc,*,G5,,7.446955,8.7,7.7
HD 236282,,HD 236282,HIP 196,,,,,,0.62700592248,51.82997652184,0.444,-1.072,0.9242,1082.017,pc,*,K5,,8.298363,10.56,8.92
HD 225011,,HD 225011,,,,,,,0.6476553,55.572295,28.8,-29.1,,,,**,K0,8.718,,9.071,8.43
HD 225012,,HD 225012,HIP 202,,,,,,0.6417448996,54.55213746135,2.788,-9.698,2.2685,440.82,pc,*,F0,,8.565803,8.9,8.61
HD 236281,,HD 236281,HIP 189,,,,,,0.60523830426,54.13513858712,-11.472,-8.616,3.1599,316.466,pc,Pu*,A3,,9.526061,9.79,9.58
HD 240478,,HD 240478,,,,,,,0.67909972086,57.80841346946,-3.222,-3.226,1.217,821.693,pc,*,B8,,9.393761,9.58,9.45
HD 240477,,HD 240477,,,,,,,0.65177797318,59.82776293754,-31.492,18.488,6.6105,151.274,pc,*,G0,,9.167914,9.82,9.28
HD 240480,,HD 240480,,,,,,,0.68729707577,59.95997760108,-3.63,-2.873,0.8278,1208.021,pc,*,K,8.817,8.943369,10.66,9.338
HD 240479,,HD 240479,,,,,,,0.68206929526,59.96093394804,-3.747,-1.714,0.8758,1141.813,pc,*,A0,,10.16998,10.39,10.26
HD 225009,,HD 225009,HIP 207,HR 9094,,,,,0.65038605722,66.09896334536,7.262,-0.137,4.0626,246.148,pc,*,G8III,,5.585219,6.912,5.842
HD 225010,,HD 225010,HIP 209,,,,,,0.66021391445,66.10037345352,8.254,-0.295,4.063,246.124,pc,*,A2V,,7.336741,7.42,7.34
HD 224992,,HD 224992,,,,,,,0.60278944248,67.1628348448,-11.309,-24.815,4.3566,229.537,pc,SB*,G0,,7.446735,8.47,7.65
V* V396 Cep,,,HIP 215,,,,,,0.67452202558,75.03621059232,3.122,6.944,1.4391,694.879,pc,LP?,M2,,8.139162,10.98,9.27
HD 225020,,HD 225020,HIP 221,,,,,,0.69399270064,80.28226837585,45.554,19.325,6.9016,144.894,pc,EB*,F2,,7.588666,8.11,7.69
HD 225019,,HD 225019,HIP 217,,,,,,0.67425598543,82.97320013932,-12.56,-1.784,2.7007,370.274,pc,*,A0,,7.27391,7.39,7.28
HD 224991,,HD 224991,,,,,,,0.61597431484,87.03271502497,18.454,8.299,6.8864,145.214,pc,*,F0,,7.779442,8.14,7.84
HD 225017,,HD 225017,HIP 204,,,,,,0.64522635737,-43.94792582714,41.964,-5.211,2.4762,403.845,pc,*,K3III,,8.139615,9.8,8.53
HD 225043,,HD 225043,HIP 222,,,,,,0.69446265558,-40.98323091526,-5.519,-21.108,2.9765,335.965,pc,*,K1III,,8.54381,9.99,8.85
HD 225006,,HD 225006,HIP 193,,,,,,0.6217326273,-39.21258703567,29.466,-36.159,3.8281,261.226,pc,*,G8/K0III,,9.205852,10.4,9.43
CD-38 15719,,,HIP 211,,,,,,0.66321560794,-37.94771235402,10.596,-17.26,4.053,246.731,pc,*,G8,,9.289239,10.37,9.5
CD-34 16275,,,HIP 200,,,,,,0.63548760314,-33.99263422364,7.608,15.656,2.7587,362.49,pc,*,F0,,10.215187,10.628,10.25
2dFGRS TGS358Z123,,,,,,,,,0.64159118218,-30.73499629179,-0.4,1.9,,,,BiC,,15.034,19.236628,16.258,12.65
ESO 409-7,,,,,,,,,0.63474460324,-30.62162485925,1.9,-0.1,,,,G,,13.2,19.719328,14.5,9.77
CD-29 18938,,,HIP 212,,,,,,0.66350866427,-29.07524169103,15.597,1.828,3.5512,223.935,pc,SB*,F2V,,10.129822,10.59,10.25
HD 225030,,HD 225030,,,,,,,0.69253078536,-21.24001960644,1.465,-5.964,5.4842,179.856,pc,*,G2/3V,,10.225741,10.906,10.337
HD 225031,,HD 225031,,,,,,,0.68825416501,-21.88830856885,94.016,68.373,16.778,60.061,pc,PM*,G8/K0V,,9.090732,9.998,9.399
V* AU Cet,,HD 225016,,,,,,,0.66378994523,-19.44411503805,5.419,-13.701,0.8862,1128.41,pc,LP*,M1/3,9.263,8.262724,11.21,11.3
HD 225005,,HD 225005,HIP 203,,,,,,0.64228207474,-15.83125142809,20.748,7.303,2.0494,487.948,pc,*,K0III,,8.914089,10.16,9.2
HD 225015,,HD 225015,HIP 210,,,,,,0.6621411873747,-8.4879611561642,-3.415,-5.966,6.4591,151.545,pc,**,F8/G0V,,8.965019,9.749,9.376
HD 224997,,HD 224997,HIP 187,,,,,,0.60229018965,-6.05926740296,71.883,-35.219,7.6684,130.405,pc,PM*,F5V,,8.884155,9.41,8.91
HD 225038,,HD 225038,,,,,,,0.69934799075,-6.25833942629,42.851,-13.139,9.884,101.683,pc,*,G8V,,9.851027,10.675,10.055
HD 225037,,HD 225037,,,,,,,0.6957025207,-2.91671826755,-15.473,-27.925,5.7438,177.72,pc,*,A9V,,8.575427,8.92,8.6
HD 225029,,HD 225029,,,,,,,0.67563133756,-3.39089541056,-10.348,-4.512,1.5018,665.868,pc,*,K0III,,9.468966,10.78,9.72
HD 225014,,HD 225014,HIP 205,,,,,,0.64564216852,-5.1866489421,-23.293,-2.135,8.2158,121.717,pc,*,F0V,,8.447775,8.91,8.53
HD 225028,,HD 225028,HIP 223,,,,,,0.69655854,2.13015261,60.57,-92.06,23.46,,,**,F8/G0V,7.87,,9.04,8.6
HD 225028B,,HD 225028B,,,,,,,0.6966745794,2.12973044944,70.785,-90.451,23.3092,42.902,pc,PM*,,,8.972274,10.17,9.26
NGC  7811,,,,,,NGC 7811,,,0.61008436902,3.35192811058,-0.068,0.24,,104.7,Mpc,Sy1,,,16.429274,15.33,14.68
BD+03  4924,,,HIP 224,,,,,,0.69625741367,3.86041649248,2.33,4.73,2.0771,481.44,pc,*,K0,,8.749537,9.99,9.02
HD 225004,,HD 225004,HIP 192,,,,,,0.61982469267,8.39386130163,-2.753,-28.34,3.3161,301.559,pc,*,G5,,7.886728,9.18,8.17
HD 224996,,HD 224996,HIP 188,,,,,,0.60269800861,6.33301238929,79.318,-51.161,9.7253,102.825,pc,PM*,F5,,8.520445,9.11,8.63
HD 225027,,HD 225027,HIP 219,,,,,,0.69030789256,6.03440151356,32.074,-20.963,10.2032,98.008,pc,*,F8,,8.449332,9.11,8.55
* c Psc,,HD 225003,HIP 194,HR 9093,,,,,0.6237587268108,8.4854637136311,-93.867,-46.971,26.6268,37.5561,pc,PM*,F1V,,5.635739,5.996,5.69
HD 224994,,HD 224994,HIP 190,,,,,,0.6054331646324,10.77630732539,-44.794,-102.841,4.8991,,,**,G0,,8.621501,9.35,8.73
*  31 Psc,,HD 224995,HIP 186,HR 9092,,,,,0.60069473069,8.95682488282,-0.947,-3.57,8.078,123.793,pc,*,A6V,,6.304925,6.497,6.325
HD 225026,,HD 225026,,,,,,,0.6711964813,10.90675633767,-45.054,-28.284,2.839,352.237,pc,PM*,K2,,8.79832,10.28,9.07
HD 225025,,HD 225025,,,,,,,0.67765152228,13.93068817794,-11.791,7.448,3.4813,287.249,pc,*,K2,,7.863745,9.37,8.19
HD 225001,,HD 225001,HIP 199,,,,,,0.63499961138,16.25656310199,-12.815,5.058,4.5264,220.926,pc,*,A0,,7.227994,7.29,7.23
HD 225002,,HD 225002,HIP 198,,,,,,0.63275025899,15.33517409928,21.89,-6.576,3.7316,267.982,pc,Pe*,kA2hA7mA8Sr,,8.910211,9.18,8.96
HD 225000,,HD 225000,HIP 201,,,,,,0.63926397235,18.68342841555,-14.582,14.517,9.9964,100.036,pc,**,F5,,8.146466,8.71,8.24
HD 225013,,HD 225013,HIP 206,,,,,,0.64679287567,18.83604341988,-18.555,19.414,10.4802,95.418,pc,*,G0,,8.45711,9.03,8.56
HD 225024,,HD 225024,HIP 214,,,,,,0.66917939828,28.54222949779,-0.41,-1.031,5.4936,182.03,pc,*,A3,,8.1199,8.45,8.15
HD 225023,,HD 225023,HIP 220,,,,,,0.69177788378,35.81546721058,12.923,-2.32,5.4556,183.298,pc,*,A0,,7.47762,7.7,7.52
BD+41  4924,,,HIP 197,,,,,,0.63230481021,42.14778178641,-7.457,-6.952,2.2324,447.948,pc,*,K0,,8.699654,9.91,8.97
HD 225022,,HD 225022,HIP 216,,,,,,0.67687615504,42.92066309031,-11.342,-18.029,3.7868,264.075,pc,*,A0,,7.932024,7.95,7.94
HD 225018,,HD 225018,HIP 208,,,,,,0.65008032759,-67.63428929857,22.695,-1.73,1.8057,614.725,pc,*,G6/8III,,9.168376,10.331,9.66
HD 225008,,HD 225008,,,,,,,0.6230578013,-56.89713643893,21.304,28.555,2.9329,332.841,pc,cC*,F6/8,,9.786867,10.78,10.02
HD 225032,,HD 225032,,,,,,,0.67886375479,-56.78154601385,16.943,1.328,3.602,267.878,pc,Pu*,A2III/IV,,9.38753,9.64,9.4
HD 225033,,HD 225033,HIP 218,,,,,,0.67962758766,-57.6336673692,-26.892,-15.042,3.0884,323.792,pc,*,G8III,,8.143567,9.42,8.4
HD 225007,,HD 225007,,,,,,,0.62489734299,-46.42082785521,3.809,8.246,1.762,567.537,pc,*,G8/K1(III),,9.691473,11.05,9.96
2MASX J00023519-2901230,,,,,,,,,0.64660284584,-29.02313441226,-0.2,-2.0,,,,G,,16.602,21.381733,17.907,15.7
2MASX J00024146-3045581,,,,,,,,,0.67268643653,-30.76628551968,3.8,-1.3,,,,G,,16.091,19.627653,17.324,14.75
2MASX J00022674-3021071,,,,,,,,,0.61155992649,-30.35208307382,0.4,0.2,,,,G,,16.547,19.913721,17.915,15.66
CTLGD 3026,,,,,,,,,0.62858382691,-30.63027993532,2.7,2.1,,,,G,,16.563,20.646772,17.847,15.71
2MASX J00023941-3114331,,,,,,,,,0.66413004863,-31.24243086839,5.4,2.4,,,,G,,16.306,19.343971,17.721,15.3
2MASX J00023029-3047321,,,,,,,,,0.62618638625,-30.79239297726,9.7,6.1,,,,G,,16.294,21.538446,17.021,14.57
2MASX J00022480-3140491,,,,,,,,,0.60330523203,-31.68032248391,6.6,-2.7,,,,G,,16.207,20.226555,17.313,14.87
2dFGRS TGS358Z245,,,,,,,,,0.6342808,-30.8290814,-0.1,4.3,,,,G,,16.753,,17.831,15.79
LEDA  715696,,,,,,,,,0.63285686634,-30.56573358749,1.0,-1.8,,,,G,,15.39,19.63153,16.71,13.46
LEDA 3588017,,,,,,,,,0.64486682574,-29.80665644818,1.9,3.2,,,,G,,15.25,19.812847,16.89,13.14
2MASS J00024546-2958501,,,,,,,,,0.68948404917,-29.98059812389,,,,,,G,,15.41,19.400496,16.83,13.52
LEDA 3588038,,,,,,,,,0.65888040015,-29.76378938293,3.2,-1.8,,,,G,,15.41,19.724257,17.0,13.3
HD 225011A,,HD 225011A,,,,,,,0.6476502404879,55.5723015853169,25.389,-32.288,7.3337,136.357,pc,*,,,8.060738,9.33,8.31
HD 225028A,,HD 225028A,,,,,,,0.69656125528,2.13015273375,62.34,-93.353,23.3713,42.788,pc,PM*,,,7.213268,7.9,7.33
HD 225011B,,HD 225011B,,,,,,,0.6472964186729,55.5719322020061,24.172,-34.436,7.365,135.777,pc,*,,,9.800338,10.4,9.91
HD 225034,,HD 225034,HIP 229,,,,,,0.71399824,47.25227048,17.88,-4.03,,,,**,A0,8.79,,8.921,8.734
HD 225065,,HD 225065,,,,,,,0.77913898197,45.89280080031,-7.105,-7.277,2.3479,425.913,pc,*,A5,,9.06726,9.5,9.15
HD 225067,,HD 225067,,,,,,,0.79158284745,45.12593079693,-10.372,-12.832,3.1733,315.129,pc,*,F,,9.899255,10.37,10.05
HD 225066,,HD 225066,,,,,,,0.78763136554,45.12510812233,43.597,-7.84,7.9594,125.638,pc,*,F,,8.994167,9.62,9.06
HD 225064,,HD 225064,HIP 250,,,,,,0.77427810042,52.46512462047,-9.686,-15.7,4.12,242.718,pc,**,K0,,7.95489,9.02,8.14
HD 236284,,HD 236284,HIP 256,,,,,,0.79662120125,54.51578150884,2.219,-30.276,5.4235,184.383,pc,*,F0,,9.434498,9.9,9.46
HD 240481,,HD 240481,,,,,,,0.71701583563,59.98692950129,-7.519,-3.979,1.6352,611.546,pc,*,K0,,9.286767,10.88,9.66
HD 240482,,HD 240482,,,,,,,0.75694891593,59.44095120917,39.73,19.536,5.5821,179.144,pc,SB*,F8,,9.421878,10.07,9.53
BD+69  1376,,,HIP 234,,,,,,0.73359782071,70.23799792878,3.374,-4.138,1.5441,647.626,pc,*,B8,,9.574863,9.87,9.58
HIP 235,,,HIP 235,,,,,,0.73644530806,71.36803526132,-3.049,-3.67,2.2811,438.385,pc,*,K0,,8.695427,10.38,9.12
HD 225044,,HD 225044,HIP 233,,,,,,0.73192025764,71.35851784244,-7.308,-10.664,2.9047,344.27,pc,SB*,K0,,8.064291,9.65,8.5
HIP 227,,,HIP 227,,,,,,0.70486223083,80.28654759,48.32,15.176,5.8441,171.113,pc,PM*,,,9.826315,9.87,9.42
HD 225049,,HD 225049,HIP 237,,,,,,0.73930006246,-39.52741276783,59.6,-37.178,7.7429,129.151,pc,PM*,G8IV,,8.778294,9.91,9.01
HD 225042,,HD 225042,,,,,,,0.70061859019,-40.80928830612,42.833,-22.45,4.1236,241.266,pc,*,F8/G0V,,9.391827,10.16,9.53
HD 225061,,HD 225061,HIP 242,,,,,,0.7522306562,-34.74393803353,21.683,46.237,7.9424,125.907,pc,RG*,G8IV,,7.509375,8.74,7.76
HD 225048,,HD 225048,,,,,,,0.71933155742,-31.35862567714,-8.557,-47.592,2.435,410.678,pc,*,K1II/III,,8.41204,9.76,8.67
HD 225071,,HD 225071,,,,,,,0.77348715124,-33.37225555647,-11.213,-14.836,2.4478,408.53,pc,*,K2III,,8.571833,10.07,8.85
HD 225047,,HD 225047,HIP 232,,,,,,0.73011416017,-30.14977328831,18.436,2.618,4.3628,238.977,pc,*,A0V,,8.425649,8.45,8.42
LEDA  198790,,,,,,,,,0.73336416729,-29.92681798269,-0.7,4.2,,,,G,,15.83,19.918287,17.16,14.15
2MASX J00030150-2944475,,,,,,,,,0.75622449459,-29.7465818088,-9.7,2.8,,,,G,,,20.616615,,12.03
HD 225046,,HD 225046,,,,,,,0.72423021431,-25.39497066144,57.514,4.139,7.1035,153.034,pc,PM*,F5,,9.210226,9.901,9.26
HD 225070,,HD 225070,HIP 251,,,,,,0.77532833031,-25.26111547551,-28.894,-27.591,1.5318,651.008,pc,*,K2III,,8.175399,10.059,8.68
HD 225040,,HD 225040,,,,,,,0.70355883749,-23.87579029756,21.42,-11.641,1.686,593.12,pc,**,B9V,,9.620647,9.56,9.58
HD 225069,,HD 225069,HIP 253,HR 9096,,,,,0.78272526817,-24.145144725,57.13,-3.039,6.4919,154.038,pc,PM*,K1III,,6.130807,7.635,6.443
HD 225076,,HD 225076,HIP 255,,,,,,0.79466667746,-24.58826009544,53.444,10.823,10.899,91.78,pc,PM*,F2/3V,,7.875949,9.281,8.944
HD 225045,,HD 225045,HIP 238,HR 9095,,,,,0.73953410346,-20.04588301516,100.331,78.491,17.407,57.448,pc,PM*,F6/7V,,6.133678,6.753,6.238
LEDA  872809,,,,,,,,,0.78270373602,-18.09715553975,,,,,,Sy2,,15.59,20.02454,16.7,13.28
HD 225039,,HD 225039,HIP 225,,,,,,0.70010803006,-15.04054139244,17.318,-4.099,6.0624,164.951,pc,*,F3/5V,,8.926423,9.48,9.03
HD 225074,,HD 225074,,,,,,,0.79482794681,-7.70886189216,-11.998,-21.936,2.8029,342.959,pc,*,K0III,,9.071353,10.388,9.68
HD 225060,,HD 225060,HIP 245,,,,,,0.76373562177,-7.81551764221,63.482,3.76,3.2404,258.26,pc,PM*,K0III,,8.218458,9.715,9.297
HD 225059,,HD 225059,HIP 236,,,,,,0.73786000793,-0.89387387896,17.815,-18.099,2.6511,380.042,pc,*,K1III,,7.705998,9.36,8.09
UGC     5,,,,,,,,,0.77355511598,-1.91386364303,,,,87.9,Mpc,Sy2,,12.4,20.507378,13.92,13.32
HD 225058,,HD 225058,HIP 239,,,,,,0.74319154816,3.38193277011,7.33,-2.022,3.5929,278.327,pc,*,F3V,,8.440057,9.05,8.55
HD 225057,,HD 225057,HIP 248,,,,,,0.7656601826,8.27068431685,-36.963,-49.394,7.4829,133.638,pc,PM*,F0,,8.037072,8.39,8.09
SAO 108988,,,HIP 247,,,,,,0.76543460425,8.26129272717,-38.047,-49.817,7.5269,132.857,pc,PM*,F0(N),,9.091084,9.42,9.0
BD+08  5165,,,HIP 240,,,,,,0.74372906702,9.79522743815,-15.68,2.698,2.9294,341.367,pc,*,F8,,10.643247,11.36,10.81
HD 225056,,HD 225056,HIP 241,,,,,,0.75202221156,9.13828113973,22.489,-6.51,2.5586,390.839,pc,*,K0,,8.475431,9.75,8.73
Mrk  334,,,,,,,,,0.79003665844,21.96026999719,-1.949,-2.929,1.1561,88.8,Mpc,Sy1,,,16.385994,15.3,14.62
HD 225036,,HD 225036,HIP 228,,,,,,0.71026356147,28.25190536451,40.788,5.845,10.3576,96.547,pc,*,F8,,7.521874,8.15,7.64
BD+29  5051,,,HIP 230,,,,,,0.71587526734,30.33653991461,63.774,13.692,7.9611,125.611,pc,PM*,F2,,8.331001,8.87,8.45
BD+31  5024,,,HIP 249,,,,,,0.77422596882,31.87008534965,10.265,-6.957,13.1047,76.309,pc,*,F8,,8.624852,9.28,8.74
HD 225053,,HD 225053,,,,,,,0.7360472512,40.41248344634,25.23,-7.236,5.4945,182.0,pc,SB*,A0,,8.387762,8.56,8.4
HD 225055,,HD 225055,,,,,,,0.74362604037,39.96146341842,6.532,-3.477,3.0363,329.348,pc,*,A,,8.879065,8.91,8.9
HD 225054,,HD 225054,HIP 244,,,,,,0.75886515555,39.99514433533,1.353,-3.5,3.0248,330.6,pc,SB*,F8,,7.760551,8.54,7.89
HD 225035,,HD 225035,,,,,,,0.71879521693,43.52835991532,-10.849,-14.617,4.9348,202.642,pc,*,G5,,8.780824,9.26,8.85
HD 225072,,HD 225072,,,,,,,0.79610768256,43.64314807291,16.736,-11.128,3.0348,329.511,pc,*,K0,,7.772723,9.32,8.09
HD 225068,,HD 225068,HIP 254,,,,,,0.78477882201,42.74790520123,33.237,-4.639,5.7823,172.942,pc,*,A2,,6.715531,6.76,6.72
HD 225052,,HD 225052,,,,,,,0.72866713653,-64.41674441534,37.867,11.106,1.3305,751.597,pc,*,K2/4(III),,9.035802,10.84,9.53
HD 225062,,HD 225062,HIP 243,,,,,,0.75335089368,-60.6919099411,-5.029,-1.218,3.572,279.955,pc,*,K0III,,7.549281,8.85,7.82
HD 225051,,HD 225051,HIP 231,,,,,,0.72375467329,-58.78139714415,72.889,-2.516,3.8148,266.414,pc,PM*,F6/7IV,,9.446426,10.1,9.58
HD 225050,,HD 225050,,,,,,,0.74100474646,-48.90078801369,41.267,-5.578,4.7308,213.119,pc,*,F5V,9.9,10.10447,10.64,10.154
LEDA  198755,,,,,,,,,0.7735430698,-29.86652282531,,,,,,BiC,,14.84,19.681633,16.18,12.32
2MASX J00025519-2801475,,,,,,,,,0.73000421181,-28.03002224331,2.1,-11.3,,,,G,,15.668,19.775007,17.025,14.04
2MASX J00025302-2859005,,,,,,,,,0.72099214062,-28.98352265036,2.6,-0.6,,,,G,,16.062,19.589975,17.451,14.87
CTLGD 4036,,,,,,,,,0.70485518298,-30.43504670417,1.1,-2.7,,,,G,,16.424,19.959124,17.544,15.29
2MASX J00025544-3118184,,,,,,,,,0.73088244522,-31.3051284928,4.4,1.6,,,,G,,16.582,20.198008,17.949,15.8
2dFGRS TGS277Z072,,,,,,,,,0.70750785819,-28.49963719258,6.1,3.0,,,,G,,16.809,21.384764,17.831,15.87
HD 225034A,,HD 225034A,,,,,,,0.7140027488088,47.2522705976005,18.652,-4.4,3.8783,257.845,pc,*,,,8.898067,9.03,8.93
BD+28  4694,,,HIP 252,,,,,,0.7796419465133,29.4859756847361,18.441,-2.934,1.3015,768.344,pc,*,K0,10.039,10.041371,11.43,10.26
LEDA 3588239,,,,,,,,,0.78910583062,-29.86094363529,,,,,,BiC,,,19.012344,16.38,12.29
HD 225034B,,HD 225034B,,,,,,,0.7146121976554,47.2520890198567,18.725,-5.852,3.9408,253.756,pc,*,,,9.11861,9.27,9.07
V* RU Scl,,HD 225041,HIP 226,,,,,,0.70044606939,-24.94529854007,50.011,-17.98,1.2529,928.883,pc,RR*,F0/2V,10.24,10.310272,10.991,10.563
BD+47  4371,,,HIP 259,,,,,,0.80589242665,48.72229575949,-1.642,-16.999,1.8392,543.715,pc,*,M0,,8.078554,10.13,8.66
HD 225104,,HD 225104,HIP 280,,,,,,0.86620736949,53.31268960586,-14.844,-5.036,4.8532,206.05,pc,*,A2,,8.133419,8.27,8.14
HD 236285,,HD 236285,,,,,,,0.8264138453645,53.5392670846498,-4.9,0.4,,,,**,A3,,9.147,9.56,9.25
HD 225095,,HD 225095,HIP 278,,,,,,0.86311197017,55.55089823058,-1.752,-1.475,0.7951,1257.703,pc,Em*,B2IVne,,7.900065,7.89,7.91
HD 236286,,HD 236286,HIP 281,,,,,,0.87621215883,55.0599618413,5.942,4.626,1.3237,755.458,pc,*,M0,,7.596405,10.07,8.46
V* Y Cas,,HD 225082,,,,,,,0.83942194734,55.68111890396,-0.379,-4.172,1.7048,586.579,pc,Mi*,M7.5e:,7.77,8.33723,,11.99
HD 225080,,HD 225080,,,,,,,0.82878185179,58.78943767873,10.009,-4.221,2.0606,,,*,A0,,8.532503,8.73,8.58
HD 225081,,HD 225081,,,,,,,0.83681142782,58.47498337278,-3.942,-2.527,1.4175,705.467,pc,*,A0,,8.495645,8.68,8.54
HD 240484,,HD 240484,,,,,,,0.84006199687,58.16771226324,1.294,3.116,1.8136,551.39,pc,*,K2,,9.327909,10.8,9.69
HD 240486,,HD 240486,,,,,,,0.88185497134,57.60338175131,4.334,-4.196,1.9872,503.221,pc,*,B9,,9.27243,9.36,9.28
HD 240485,,HD 240485,HIP 268,,,,,,0.84178605337,59.07860652395,-4.217,-2.218,1.2902,775.074,pc,*,K5,,7.63185,9.63,8.17
HD 240483,,HD 240483,,,,,,,0.81751131118,59.95965885162,-0.709,-0.884,1.0982,910.581,pc,*,B9,,9.605845,9.76,9.66
HD 225094,,HD 225094,HIP 274,HR 9097,,,,,0.8571422213,63.6405216631,-2.36,-1.36,1.31,,,s*b,B2.9Iab,5.9,6.1299,6.56,6.22
BD+61  2583,,,HIP 279,,,,,,0.86376622284,62.35780698993,-1.624,1.078,1.1725,852.878,pc,Pu*,B8V,,8.637047,8.79,8.7
V* V397 Cep,,HD 225093,HIP 270,,,,,,0.84988244645,73.17449713347,-21.392,2.193,4.9998,200.008,pc,SB*,A2,,7.346511,7.54,7.4
BD+77   935,,,HIP 286,,,,,,0.88147569536,78.71782716016,14.548,8.022,2.3146,432.04,pc,*,K0,,8.920649,10.26,9.17
HD 225063,,HD 225063,,,,,,,0.80360974199,76.30860093308,14.799,12.177,2.6167,382.161,pc,Pu*,A2,,8.320268,8.61,8.37
HD 225090,,HD 225090,,,,,,,0.83041237198,-35.55365262142,75.408,-15.299,7.436,134.481,pc,PM*,F3V,,9.093134,9.6,9.18
HD 225112,,HD 225112,HIP 285,,,,,,0.88084338346,-35.6022266617,56.763,-1.472,2.8017,356.926,pc,PM*,K1IV/VCNIII,,8.18648,9.77,8.54
HD 225100,,HD 225100,HIP 271,,,,,,0.85283917744,-35.9651579494,22.291,6.509,4.7894,215.894,pc,*,A2III,,9.131726,9.37,9.14
HD 225101,,HD 225101,HIP 277,,,,,,0.85949707022,-36.25119068938,72.437,5.701,15.129,66.098,pc,PM*,F2V,,6.896962,7.28,6.965
HD 225077,,HD 225077,HIP 257,,,,,,0.80305837077,-31.21238495547,21.197,1.5,4.2704,234.17,pc,SB*,A0V,,8.868869,8.93,8.88
HD 225099,,HD 225099,HIP 275,,,,,,0.85760864,-29.0006645,-24.02,-20.88,5.94,166.59,pc,**,F3V,9.743,9.862014,9.818,9.544
HD 225111,,HD 225111,,,,,,,0.88286814617,-29.71799241733,19.172,3.374,4.1946,241.517,pc,SB*,A5/7(III),,10.056478,10.512,10.133
LEDA  198780,,,,,,,,,0.84344997128,-30.83038398328,-0.7,-0.1,,,,EmG,,15.919,20.025143,16.914,14.16
2dFGRS TGS358Z095,,,,,,,,,0.80170921621,-30.75505763733,2.7,-1.7,,,,G,,15.198,18.98644,16.564,13.12
HD 225098,,HD 225098,HIP 272,,,,,,0.85554029776,-26.41518196949,12.561,1.106,2.247,416.693,pc,*,G8/K0III,,8.567447,9.798,8.8
HD 225109,,HD 225109,,,,,,,0.87505963782,-23.2676125251,-21.321,-10.457,1.978,498.775,pc,*,K1III,,9.247883,10.659,9.52
HD 225089,,HD 225089,HIP 261,,,,,,0.82052654667,-23.61543795431,9.624,-38.153,5.0333,192.251,pc,*,F3V,9.598,9.060028,9.599,9.474
HD 225075,,HD 225075,,,,,,,0.8002056946,-23.88577473812,4.989,-41.703,4.6362,212.206,pc,*,K1(III),,9.645263,10.963,10.02
HD 225110,,HD 225110,,,,,,,0.8848141038,-24.76922507827,8.668,4.97,2.1983,458.965,pc,*,K1III,,8.961968,10.399,9.47
HD 225088,,HD 225088,HIP 266,,,,,,0.83533478246,-11.94536617494,-9.917,-64.229,3.8323,258.884,pc,PM*,K1IIICNII,,7.791934,9.542,8.1
BD-14  6608,,,HIP 287,,,,,,0.88585334111,-13.22729085685,19.15,-10.6,1.1025,782.304,pc,*,K5,,8.443908,10.615,9.2
NGC  7808,,,,,,NGC 7808,,,0.88388153882,-10.74468996522,,,,124.0,Mpc,Sy2,,,18.680279,14.33,13.48
HD 225087,,HD 225087,,,,,,,0.82074223796,-5.45918897604,-26.75,40.807,10.2621,96.278,pc,*,G2V,,9.090911,9.819,9.21
HD 225085,,HD 225085,,,,,,,0.82888637175,-0.16399189729,162.383,-60.108,8.6903,116.181,pc,PM*,F7V,,9.286552,10.059,9.606
HD 225108,,HD 225108,,,,,,,0.88190486191,4.74538709237,4.64,-12.907,5.0018,199.928,pc,*,A9V,,9.120099,9.46,9.2
HD 225107,,HD 225107,HIP 283,,,,,,0.87711963223,12.35682169643,-14.616,-2.881,5.5114,181.442,pc,Pu*,A5,,7.380692,7.75,7.46
HD 225106,,HD 225106,HIP 282,,,,,,0.87642822178,19.38149864343,0.398,-30.07,2.7408,364.857,pc,*,K0,,7.467053,9.3,7.91
HD 225073,,HD 225073,HIP 258,,,,,,0.80547924308,17.55226903903,59.526,-52.978,7.0182,142.487,pc,PM*,K0,,6.303553,7.69,6.57
HD 225084,,HD 225084,,,,,,,0.8347020979,23.51873754024,-23.116,-16.339,6.0347,165.708,pc,*,A,,8.973441,9.33,9.01
HD 225096,,HD 225096,HIP 269,,,,,,0.84202326896,23.57503457718,-10.878,-6.312,3.2679,306.007,pc,*,G5,,8.437085,9.92,8.78
V* TW And,,,HIP 262,,,,,,0.82594709338,32.84586257997,52.514,-2.981,3.8518,259.619,pc,EB*,F0/2V,,9.008277,9.48,9.07
HD 225083,,HD 225083,HIP 264,,,,,,0.83207640054,38.24401241051,-0.795,-1.226,3.1144,321.089,pc,*,K0,,8.080599,9.63,8.42
HD 225105,,HD 225105,HIP 288,,,,,,0.88908620003,42.35210657085,97.49,-46.203,7.1321,140.211,pc,PM*,K0,,7.612417,8.98,7.91
HD 225113,,HD 225113,HIP 284,,,,,,0.87847168155,-65.82750729824,22.515,24.561,2.1618,462.577,pc,*,G8III,,8.760991,9.94,8.98
HD 225092,,HD 225092,HIP 265,,,,,,0.83538369262,-64.47609603741,-1.695,-6.331,1.2994,769.586,pc,*,K5(III),,8.440932,10.65,9.01
HD 225103,,HD 225103,,,,,,,0.84428551406,-63.7342268456,7.401,-1.018,1.4363,696.233,pc,*,K0III,,8.709869,10.19,9.02
HD 225079,,HD 225079,,,,,,,0.81352694245,-53.93729452545,102.555,-46.079,6.7781,146.606,pc,PM*,G2V,,9.398048,10.2,9.59
HD 225091,,HD 225091,HIP 260,,,,,,0.81722833166,-55.40506895596,30.878,8.131,4.2506,237.806,pc,*,F2V,,9.561519,9.96,9.57
HD 225078,,HD 225078,,,,,,,0.81089278786,-49.16151317143,102.832,46.751,11.3022,88.409,pc,PM*,G5/7V,9.76,10.038804,10.902,10.228
HD 225102,,HD 225102,HIP 273,,,,,,0.85686863447,-46.83097560741,-0.708,-2.787,0.8799,1136.493,pc,*,A0/1V,,11.133667,11.27,11.2
2MASX J00032651-2844120,,,,,,,,,0.860458,-28.736672,2.0,2.3,,,,G,,15.913,,17.172,14.45
2MASX J00032300-2851270,,,,,,,,,0.84575266036,-28.85745973037,0.1,1.3,,,,G,,16.298,20.013582,17.409,14.95
2MASX J00032500-3040392,,,,,,,,,0.85429381061,-30.6775930905,6.5,3.0,,,,G,,16.243,20.494415,17.685,15.19
2MASX J00033068-3128532,,,,,,,,,0.87788004097,-31.48147621514,2.8,-2.4,,,,G,,15.707,19.353544,17.062,14.16
2dFGRS TGS277Z055,,,,,,,,,0.87560055167,-28.25846633184,-1.6,-0.3,,,,G,,16.532,21.369986,17.408,15.25
6dFGS gJ000320.7-300849,,,,,,,,,0.83600947867,-30.14700726404,,,,,,G,,15.08,20.0882,16.29,12.64
CTLGD 5992,,,,,,,,,0.89023267977,-30.06024417191,0.078,-1.932,0.9311,,,G,,15.78,19.398186,17.22,14.26
CTLGM 6164,,,,,,,,,0.89860955593,-28.16607250792,-5.4,-10.5,,,,G,,15.77,20.044094,17.17,14.27
HD 225099A,,HD 225099A,,,,,,,0.857491579,-29.0006229,-18.8,-21.0,,,,*,,,,10.44,10.11
HD 225086,,HD 225086,HIP 267,,,,,,0.83536025967,-4.14575464039,-20.633,-9.738,11.5073,86.901,pc,*,F0V,8.97,8.022013,8.51,8.11
HD 225099B,,HD 225099B,,,,,,,0.857635679,-29.0006654,-18.8,-21.0,,,,*,,,,10.66,10.17
HD 225124,,HD 225124,HIP 297,,,,,,0.92435351976,48.43690534136,-24.968,-8.727,7.549,132.468,pc,*,A2,,6.791181,6.85,6.78
HD 236287,,HD 236287,,,,,,,0.96232001333,53.19526318889,9.112,18.217,3.4806,287.307,pc,SB*,K0,,8.589776,9.87,8.87
HD 225137,,HD 225137,HIP 303,,,,,,0.96930283591,57.37828060227,32.072,1.443,3.9646,252.232,pc,SB*,kA3hA7mF2,,8.109643,8.43,8.13
HD 225146,,HD 225146,HIP 312,,,,,,0.98959385274,61.10363723167,-0.816,-1.895,0.3284,3045.067,pc,s*b,O9.7Iab,,8.485552,8.96,8.6
HD 240487,,HD 240487,,,,,,,0.97218872392,60.6762645747,-0.448,-1.557,0.9329,1071.926,pc,*,B5,9.57,9.420135,9.71,9.53
V* V398 Cep,,HD 225136,HIP 302,HR 9099,,,,,0.96517142367,66.71218558856,8.985,-7.282,3.4444,290.326,pc,LP*,M4III,,5.30059,7.934,6.323
HD 225159,,HD 225159,,,,,,,0.99446063943,65.14943473694,1.947,3.627,2.0557,486.452,pc,*,A2,,9.081856,9.41,9.16
HD 225114,,HD 225114,HIP 292,,,,,,0.90877755321,70.30603003834,9.807,-1.416,3.6081,277.154,pc,Pe*,A0pSrCrSi,,8.101026,8.08,8.1
HD 225123,,HD 225123,,,,,,,0.94006686986,68.87665632974,-17.194,-13.648,3.1237,320.133,pc,*,K5,,7.270055,8.92,7.65
HD 225156,,HD 225156,HIP 310,,,,,,0.98776485983,-43.19181125279,106.261,-126.671,11.4851,86.88,pc,PM*,G5V,,9.415139,10.23,9.703
Smethells 150,,,HIP 307,,,,,,0.9800137195,-42.55948147971,91.624,7.397,14.7274,67.178,pc,PM*,M0V,10.8,11.076654,12.78,11.47
HD 225121,,HD 225121,HIP 295,,,,,,0.9187061866,-41.0958889767,12.774,-13.512,3.3742,298.479,pc,*,F0V,9.42,9.606404,10.02,9.64
HD 225120,,HD 225120,HIP 290,,,,,,0.90441600841,-31.09416739155,84.133,-63.303,16.0863,62.165,pc,PM*,F8/G0V,,7.656021,8.32,7.78
HD 225119,,HD 225119,HIP 291,,,,,,0.9045752823,-28.41713625269,11.227,-0.364,1.4663,681.989,pc,SB*,ApSi,,8.17073,8.07,8.18
HD 225118,,HD 225118,HIP 296,,,,,,0.9228551708633,-28.3961930614808,281.146,-142.102,24.8314,40.2716,pc,PM*,G8.5V,,8.083604,9.04,8.23
HD 225155,,HD 225155,HIP 305,,,,,,0.97237967467,-28.39380761574,91.858,-18.01,20.136,49.662,pc,PM*,G5IV,,7.503518,8.37,7.64
2MASX J00035413-2847115,,,,,,,,,0.97555,-28.786544,-2.3,-6.7,,,,G,,,,16.5,13.65
2MASX J00035390-2846485,,,,,,,,,0.97476627279,-28.78026529701,25.0,-5.1,,,,G,,,20.678581,,14.05
HD 225141,,HD 225141,,,,,,,0.94241603427,-22.6551616336,6.923,6.406,1.2732,785.423,pc,*,K0,,9.877162,11.35,10.15
HD 225117,,HD 225117,,,,,,,0.90297568334,-17.53954334613,76.679,11.469,5.6505,176.975,pc,PM*,F7V,,9.425084,10.02,9.55
HD 225154,,HD 225154,,,,,,,0.9758362589,-17.73649347847,6.531,40.345,3.8585,264.911,pc,*,F0V,,9.834719,10.402,10.059
*   2 Cet,,HD 225132,HIP 301,HR 9098,,,,,0.9349492958375,-17.3359914428644,25.363,-8.987,10.5075,95.1701,pc,*,B9IVn,,4.516587,4.483,4.536
HD 225131,,HD 225131,,,,,,,0.91912125029,-14.08525654661,4.053,-0.645,1.7875,449.002,pc,*,A3/5II,,9.882834,10.158,9.871
HD 225140,,HD 225140,,,,,,,0.96875737993,-13.68306452063,-1.965,-13.533,4.7414,176.27,pc,*,F5V,,9.248198,9.929,9.484
HD 225153,,HD 225153,,,,,,,0.97703496759,-3.03760939358,-8.623,-23.217,5.326,184.168,pc,*,G3/5V,,10.283868,10.963,10.389
HD 225130,,HD 225130,,,,,,,0.93808664056,-3.41677637216,9.796,-7.162,0.9964,1003.613,pc,*,K2III,,8.73167,10.79,9.2
HD 225162,,HD 225162,,,,,,,0.99681115087,-4.30999746561,27.615,-42.762,2.6766,373.608,pc,PM*,K0IV,,8.535284,9.99,8.88
HD 225152,,HD 225152,,,,,,,0.97793441429,-2.56109828883,8.552,-7.555,1.1198,886.165,pc,*,K0/2,,10.149996,11.376,10.432
HD 225129,,HD 225129,,,,,,,0.92462640208,-1.55555306546,39.126,3.833,3.1733,317.841,pc,*,K0III,,9.118314,10.316,9.548
HD 225116,,HD 225116,,,,,,,0.91240300971,1.58614165467,-5.421,13.382,1.5843,,,*,G8IV,,8.853081,10.18,9.1
HD 225128,,HD 225128,,,,,,,0.95974940893,0.61801054054,1.929,5.377,1.4766,677.231,pc,*,A9/F0V,,9.354037,11.22,9.85
HD 225139,,HD 225139,,,,,,,0.960766018,0.77566534065,-31.673,-14.321,4.6856,221.016,pc,*,F3/5V,,9.987289,10.556,10.108
HD 225127,,HD 225127,HIP 294,,,,,,0.91710088833,3.90697630249,-22.527,-11.465,6.749,148.17,pc,*,F0/2V,,7.801843,8.26,7.89
HD 225126,,HD 225126,HIP 298,,,,,,0.92702212859,13.36516899533,26.768,-8.758,2.9602,337.815,pc,*,K0,,7.90957,9.18,8.18
HD 225151,,HD 225151,HIP 308,,,,,,0.9837395547,14.37886550353,79.97,-21.195,12.8467,77.841,pc,PM*,F0,,7.028296,7.38,7.08
UGC    17,,,,,,,,,0.929659,15.217976,,,,20.3,Mpc,AG?,,,,14.8,14.19
HD 225149,,HD 225149,HIP 304,,,,,,0.96979537998,22.29605341967,0.314,-7.528,5.4146,184.686,pc,*,A2,,8.257994,8.41,8.26
HD 225138,,HD 225138,,,,,,,0.97053292234,20.92781963725,1.287,-6.121,1.4761,677.461,pc,*,K5,,7.91071,10.15,8.54
HD 225150,,HD 225150,HIP 314,,,,,,0.99164771851,20.95373338602,-30.34,-35.453,5.3955,185.34,pc,*,G0,,8.169074,8.81,8.28
NGC  7817,,,,,,NGC 7817,,,0.995413,20.752339,,,,33.2,Mpc,H2G,,11.3,,12.86,11.94
HD 225148,,HD 225148,,,,,,,0.98347470142,32.00986721098,-15.873,-14.183,7.1417,140.023,pc,*,F5,,8.832018,9.31,8.91
HD 225147,,HD 225147,HIP 311,,,,,,0.98763358799,36.9702527084,14.888,16.616,8.2447,121.29,pc,*,F0,,8.330143,8.89,8.44
HD 225125,,HD 225125,HIP 300,,,,,,0.93515607966,42.02352174696,75.647,9.948,7.6332,131.007,pc,PM*,A3,,7.407222,7.69,7.45
HD 225115,,HD 225115,,,,,,,0.91295921335,44.27633353935,-6.707,-8.604,2.5503,392.111,pc,*,A0,,8.789434,8.88,8.78
HD 225145,,HD 225145,,,,,,,0.942051437,-73.3184538018,11.814,-3.698,1.6566,603.646,pc,*,K0/1(III),,9.46272,10.9,9.75
HD 225177,,HD 225177,,,,,,,0.99016716152,-70.52619321363,29.583,-24.78,4.031,250.16,pc,*,F8/G0V,,9.92028,10.682,10.041
HD 225168,,HD 225168,HIP 315,,,,,,0.99222854229,-71.27872474885,11.393,-27.096,5.5338,185.217,pc,*,F8V,9.27,9.483769,10.259,9.62
HD 225135,,HD 225135,,,,,,,0.9245924275,-68.69038091607,8.812,1.394,7.7363,128.738,pc,*,F5V,,9.281142,9.87,9.636
HD 225134,,HD 225134,HIP 299,,,,,,0.9337069961,-63.60064952423,-9.422,0.348,8.886,112.537,pc,*,F5V,,8.33845,8.93,8.42
HD 225133,,HD 225133,HIP 293,,,,,,0.91601133533,-57.16446031778,25.031,-8.8,13.4374,74.419,pc,*,F6V,,8.18111,8.77,8.29
HD 225158,,HD 225158,HIP 306,,,,,,0.97541751,-57.8304994,148.16,-58.47,13.38,,,**,G2V,9.23,,9.88,9.51
HD 225158A,,HD 225158A,,,,,,,0.975465629,-57.830518133,154.1,-59.6,,,,PM*,,,,10.22,9.61
HD 225144,,HD 225144,,,,,,,0.94966971016,-54.99613943988,51.491,-1.579,6.1633,161.153,pc,PM*,F6V,,9.206,9.85,9.28
HD 225122,,HD 225122,HIP 289,,,,,,0.90237611624,-51.80910460872,9.228,-5.644,3.3082,302.279,pc,*,K0III,,8.423237,9.67,8.67
HD 225142,,HD 225142,,,,,,,0.94670287429,-47.87791885673,27.138,12.439,2.0791,464.054,pc,*,G8/K0,9.67,10.006384,11.179,10.18
HD 225143,,HD 225143,,,,,,,0.95900248596,-48.89502352455,45.539,12.069,3.5055,280.034,pc,*,F3/5V,,10.395741,10.918,10.391
HD 225157,,HD 225157,HIP 309,,,,,,0.98593379149,-45.28861460721,8.103,-7.249,3.067,326.052,pc,SB*,A6V,,8.496676,8.74,8.54
LEDA  739531,,,,,,,,,0.99366201815,-28.61554841336,-1.0,-3.9,,,,Sy2,,15.455,21.18884,16.472,13.3
2MASX J00035550-2849155,,,,,,,,,0.98124442948,-28.82107999997,1.6,-2.1,,,,G,,16.392,19.551237,17.653,15.33
2MASX J00033881-3128552,,,,,,,,,0.91160954064,-31.4818872438,5.3,1.2,,,,G,,16.598,19.729876,17.956,15.88
2dFGRS TGS433Z206,,,,,,,,,0.9910042,-31.0621022,-1.0,-7.9,,,,G,,16.761,,17.55,15.45
CTLGD 5680,,,,,,,,,0.93446772367,-30.12054694638,3.8,2.6,,,,G,,15.84,20.111063,17.28,14.37
HD 225167B,,HD 225167B,,,,,,,0.99233757811,-48.12471206151,22.675,8.869,9.06,110.375,pc,*,,,9.957284,10.93,10.25
2MASS J00035097-2827462,,,,,,,,,0.96234173537,-28.46293734361,17.3,-4.3,,,,G,,,20.253414,,15.02
HD 225158B,,HD 225158B,,,,,,,0.975282329,-57.830451533,154.1,-59.6,,,,PM*,,,,9.69,9.05
HD 225167A,,HD 225167A,,,,,,,0.9911959818375,-48.1251536500072,25.862,0.71,9.1883,108.834,pc,*,,8.851,8.102962,8.59,8.2
